Timing Analyzer report for rv_sc_cpu_mmio
Tue Sep 29 14:36:41 2026
Quartus Prime Version 21.1.1 Build 850 06/23/2022 SJ Lite Edition


---------------------
; Table of Contents ;
---------------------
  1. Legal Notice
  2. Timing Analyzer Summary
  3. Parallel Compilation
  4. SDC File List
  5. Clocks
  6. Slow 1200mV 85C Model Fmax Summary
  7. Timing Closure Recommendations
  8. Slow 1200mV 85C Model Setup Summary
  9. Slow 1200mV 85C Model Hold Summary
 10. Slow 1200mV 85C Model Recovery Summary
 11. Slow 1200mV 85C Model Removal Summary
 12. Slow 1200mV 85C Model Minimum Pulse Width Summary
 13. Slow 1200mV 85C Model Setup: 'clk_cpu'
 14. Slow 1200mV 85C Model Hold: 'clk_cpu'
 15. Slow 1200mV 85C Model Metastability Summary
 16. Slow 1200mV 0C Model Fmax Summary
 17. Slow 1200mV 0C Model Setup Summary
 18. Slow 1200mV 0C Model Hold Summary
 19. Slow 1200mV 0C Model Recovery Summary
 20. Slow 1200mV 0C Model Removal Summary
 21. Slow 1200mV 0C Model Minimum Pulse Width Summary
 22. Slow 1200mV 0C Model Setup: 'clk_cpu'
 23. Slow 1200mV 0C Model Hold: 'clk_cpu'
 24. Slow 1200mV 0C Model Metastability Summary
 25. Fast 1200mV 0C Model Setup Summary
 26. Fast 1200mV 0C Model Hold Summary
 27. Fast 1200mV 0C Model Recovery Summary
 28. Fast 1200mV 0C Model Removal Summary
 29. Fast 1200mV 0C Model Minimum Pulse Width Summary
 30. Fast 1200mV 0C Model Setup: 'clk_cpu'
 31. Fast 1200mV 0C Model Hold: 'clk_cpu'
 32. Fast 1200mV 0C Model Metastability Summary
 33. Multicorner Timing Analysis Summary
 34. Board Trace Model Assignments
 35. Input Transition Times
 36. Signal Integrity Metrics (Slow 1200mv 0c Model)
 37. Signal Integrity Metrics (Slow 1200mv 85c Model)
 38. Signal Integrity Metrics (Fast 1200mv 0c Model)
 39. Setup Transfers
 40. Hold Transfers
 41. Report TCCS
 42. Report RSKM
 43. Unconstrained Paths Summary
 44. Clock Status Summary
 45. Timing Analyzer Messages



----------------
; Legal Notice ;
----------------
Copyright (C) 2022  Intel Corporation. All rights reserved.
Your use of Intel Corporation's design tools, logic functions 
and other software and tools, and any partner logic 
functions, and any output files from any of the foregoing 
(including device programming or simulation files), and any 
associated documentation or information are expressly subject 
to the terms and conditions of the Intel Program License 
Subscription Agreement, the Intel Quartus Prime License Agreement,
the Intel FPGA IP License Agreement, or other applicable license
agreement, including, without limitation, that your use is for
the sole purpose of programming logic devices manufactured by
Intel and sold by Intel or its authorized distributors.  Please
refer to the applicable agreement for further details, at
https://fpgasoftware.intel.com/eula.



+-----------------------------------------------------------------------------+
; Timing Analyzer Summary                                                     ;
+-----------------------+-----------------------------------------------------+
; Quartus Prime Version ; Version 21.1.1 Build 850 06/23/2022 SJ Lite Edition ;
; Timing Analyzer       ; Legacy Timing Analyzer                              ;
; Revision Name         ; rv_sc_cpu_mmio                                      ;
; Device Family         ; Cyclone IV E                                        ;
; Device Name           ; EP4CE115F29C7                                       ;
; Timing Models         ; Final                                               ;
; Delay Model           ; Combined                                            ;
; Rise/Fall Delays      ; Enabled                                             ;
+-----------------------+-----------------------------------------------------+


+------------------------------------------+
; Parallel Compilation                     ;
+----------------------------+-------------+
; Processors                 ; Number      ;
+----------------------------+-------------+
; Number detected on machine ; 16          ;
; Maximum allowed            ; 16          ;
;                            ;             ;
; Average used               ; 1.83        ;
; Maximum used               ; 16          ;
;                            ;             ;
; Usage by Processor         ; % Time Used ;
;     Processor 1            ; 100.0%      ;
;     Processor 2            ;   8.4%      ;
;     Processor 3            ;   7.9%      ;
;     Processor 4            ;   7.6%      ;
;     Processors 5-16        ;   4.9%      ;
+----------------------------+-------------+


+-------------------------------------------------------+
; SDC File List                                         ;
+-------------------+--------+--------------------------+
; SDC File Path     ; Status ; Read at                  ;
+-------------------+--------+--------------------------+
; sc_top_no_pll.sdc ; OK     ; Tue Sep 29 14:36:37 2026 ;
; sc_top.sdc        ; OK     ; Tue Sep 29 14:36:37 2026 ;
+-------------------+--------+--------------------------+


+----------------------------------------------------------------------------------------------------------------------------------------------------------------------------------------------------------------------------------------+
; Clocks                                                                                                                                                                                                                                 ;
+------------+-----------+---------+-----------+-------+--------+------------+-----------+-------------+-------+--------+-----------+------------+----------+--------+--------+----------------------------------------------------------+
; Clock Name ; Type      ; Period  ; Frequency ; Rise  ; Fall   ; Duty Cycle ; Divide by ; Multiply by ; Phase ; Offset ; Edge List ; Edge Shift ; Inverted ; Master ; Source ; Targets                                                  ;
+------------+-----------+---------+-----------+-------+--------+------------+-----------+-------------+-------+--------+-----------+------------+----------+--------+--------+----------------------------------------------------------+
; clk        ; Base      ; 20.000  ; 50.0 MHz  ; 0.000 ; 10.000 ;            ;           ;             ;       ;        ;           ;            ;          ;        ;        ; { clk }                                                  ;
; clk_cpu    ; Generated ; 100.000 ; 10.0 MHz  ; 0.000 ; 50.000 ;            ; 5         ; 1           ;       ;        ;           ;            ; false    ; clk    ; clk    ; { pll_inst|altpll_component|auto_generated|pll1|clk[0] } ;
+------------+-----------+---------+-----------+-------+--------+------------+-----------+-------------+-------+--------+-----------+------------+----------+--------+--------+----------------------------------------------------------+


+-------------------------------------------------+
; Slow 1200mV 85C Model Fmax Summary              ;
+-----------+-----------------+------------+------+
; Fmax      ; Restricted Fmax ; Clock Name ; Note ;
+-----------+-----------------+------------+------+
; 25.18 MHz ; 25.18 MHz       ; clk_cpu    ;      ;
+-----------+-----------------+------------+------+
This panel reports FMAX for every clock in the design, regardless of the user-specified clock periods.  FMAX is only computed for paths where the source and destination registers or ports are driven by the same clock.  Paths of different clocks, including generated clocks, are ignored.  For paths between a clock and its inversion, FMAX is computed as if the rising and falling edges are scaled along with FMAX, such that the duty cycle (in terms of a percentage) is maintained. Altera recommends that you always use clock constraints and other slack reports for sign-off analysis.


----------------------------------
; Timing Closure Recommendations ;
----------------------------------
HTML report is unavailable in plain text report export.


+-------------------------------------+
; Slow 1200mV 85C Model Setup Summary ;
+---------+--------+------------------+
; Clock   ; Slack  ; End Point TNS    ;
+---------+--------+------------------+
; clk_cpu ; 60.290 ; 0.000            ;
+---------+--------+------------------+


+------------------------------------+
; Slow 1200mV 85C Model Hold Summary ;
+---------+-------+------------------+
; Clock   ; Slack ; End Point TNS    ;
+---------+-------+------------------+
; clk_cpu ; 0.403 ; 0.000            ;
+---------+-------+------------------+


------------------------------------------
; Slow 1200mV 85C Model Recovery Summary ;
------------------------------------------
No paths to report.


-----------------------------------------
; Slow 1200mV 85C Model Removal Summary ;
-----------------------------------------
No paths to report.


+---------------------------------------------------+
; Slow 1200mV 85C Model Minimum Pulse Width Summary ;
+---------+--------+--------------------------------+
; Clock   ; Slack  ; End Point TNS                  ;
+---------+--------+--------------------------------+
; clk     ; 9.891  ; 0.000                          ;
; clk_cpu ; 49.705 ; 0.000                          ;
+---------+--------+--------------------------------+


+----------------------------------------------------------------------------------------------------------------------------------------------------------------------------------------+
; Slow 1200mV 85C Model Setup: 'clk_cpu'                                                                                                                                                 ;
+--------+-------------------------------------------+-------------------------------------------------------------+--------------+-------------+--------------+------------+------------+
; Slack  ; From Node                                 ; To Node                                                     ; Launch Clock ; Latch Clock ; Relationship ; Clock Skew ; Data Delay ;
+--------+-------------------------------------------+-------------------------------------------------------------+--------------+-------------+--------------+------------+------------+
; 60.290 ; sc_cpu:cpu|sc_datapath:datapath|pc_reg[6] ; sc_cpu:cpu|sc_datapath:datapath|sc_regfile:regfile|regs~38  ; clk_cpu      ; clk_cpu     ; 100.000      ; -0.145     ; 39.563     ;
; 60.291 ; sc_cpu:cpu|sc_datapath:datapath|pc_reg[6] ; sc_cpu:cpu|sc_datapath:datapath|sc_regfile:regfile|regs~70  ; clk_cpu      ; clk_cpu     ; 100.000      ; -0.145     ; 39.562     ;
; 60.317 ; sc_cpu:cpu|sc_datapath:datapath|pc_reg[3] ; sc_cpu:cpu|sc_datapath:datapath|sc_regfile:regfile|regs~38  ; clk_cpu      ; clk_cpu     ; 100.000      ; -0.145     ; 39.536     ;
; 60.318 ; sc_cpu:cpu|sc_datapath:datapath|pc_reg[3] ; sc_cpu:cpu|sc_datapath:datapath|sc_regfile:regfile|regs~70  ; clk_cpu      ; clk_cpu     ; 100.000      ; -0.145     ; 39.535     ;
; 60.492 ; sc_cpu:cpu|sc_datapath:datapath|pc_reg[6] ; sc_cpu:cpu|sc_datapath:datapath|sc_regfile:regfile|regs~294 ; clk_cpu      ; clk_cpu     ; 100.000      ; -0.135     ; 39.371     ;
; 60.493 ; sc_cpu:cpu|sc_datapath:datapath|pc_reg[6] ; sc_cpu:cpu|sc_datapath:datapath|sc_regfile:regfile|regs~326 ; clk_cpu      ; clk_cpu     ; 100.000      ; -0.135     ; 39.370     ;
; 60.519 ; sc_cpu:cpu|sc_datapath:datapath|pc_reg[3] ; sc_cpu:cpu|sc_datapath:datapath|sc_regfile:regfile|regs~294 ; clk_cpu      ; clk_cpu     ; 100.000      ; -0.135     ; 39.344     ;
; 60.520 ; sc_cpu:cpu|sc_datapath:datapath|pc_reg[3] ; sc_cpu:cpu|sc_datapath:datapath|sc_regfile:regfile|regs~326 ; clk_cpu      ; clk_cpu     ; 100.000      ; -0.135     ; 39.343     ;
; 60.533 ; sc_cpu:cpu|sc_datapath:datapath|pc_reg[4] ; sc_cpu:cpu|sc_datapath:datapath|sc_regfile:regfile|regs~38  ; clk_cpu      ; clk_cpu     ; 100.000      ; -0.145     ; 39.320     ;
; 60.534 ; sc_cpu:cpu|sc_datapath:datapath|pc_reg[4] ; sc_cpu:cpu|sc_datapath:datapath|sc_regfile:regfile|regs~70  ; clk_cpu      ; clk_cpu     ; 100.000      ; -0.145     ; 39.319     ;
; 60.543 ; sc_cpu:cpu|sc_datapath:datapath|pc_reg[8] ; sc_cpu:cpu|sc_datapath:datapath|sc_regfile:regfile|regs~38  ; clk_cpu      ; clk_cpu     ; 100.000      ; -0.145     ; 39.310     ;
; 60.544 ; sc_cpu:cpu|sc_datapath:datapath|pc_reg[8] ; sc_cpu:cpu|sc_datapath:datapath|sc_regfile:regfile|regs~70  ; clk_cpu      ; clk_cpu     ; 100.000      ; -0.145     ; 39.309     ;
; 60.548 ; sc_cpu:cpu|sc_datapath:datapath|pc_reg[6] ; sc_cpu:cpu|sc_datapath:datapath|sc_regfile:regfile|regs~358 ; clk_cpu      ; clk_cpu     ; 100.000      ; -0.116     ; 39.334     ;
; 60.551 ; sc_cpu:cpu|sc_datapath:datapath|pc_reg[6] ; sc_cpu:cpu|sc_datapath:datapath|sc_regfile:regfile|regs~806 ; clk_cpu      ; clk_cpu     ; 100.000      ; -0.116     ; 39.331     ;
; 60.566 ; sc_cpu:cpu|sc_datapath:datapath|pc_reg[5] ; sc_cpu:cpu|sc_datapath:datapath|sc_regfile:regfile|regs~38  ; clk_cpu      ; clk_cpu     ; 100.000      ; -0.145     ; 39.287     ;
; 60.567 ; sc_cpu:cpu|sc_datapath:datapath|pc_reg[5] ; sc_cpu:cpu|sc_datapath:datapath|sc_regfile:regfile|regs~70  ; clk_cpu      ; clk_cpu     ; 100.000      ; -0.145     ; 39.286     ;
; 60.567 ; sc_cpu:cpu|sc_datapath:datapath|pc_reg[2] ; sc_cpu:cpu|sc_datapath:datapath|sc_regfile:regfile|regs~38  ; clk_cpu      ; clk_cpu     ; 100.000      ; -0.145     ; 39.286     ;
; 60.568 ; sc_cpu:cpu|sc_datapath:datapath|pc_reg[2] ; sc_cpu:cpu|sc_datapath:datapath|sc_regfile:regfile|regs~70  ; clk_cpu      ; clk_cpu     ; 100.000      ; -0.145     ; 39.285     ;
; 60.575 ; sc_cpu:cpu|sc_datapath:datapath|pc_reg[3] ; sc_cpu:cpu|sc_datapath:datapath|sc_regfile:regfile|regs~358 ; clk_cpu      ; clk_cpu     ; 100.000      ; -0.116     ; 39.307     ;
; 60.578 ; sc_cpu:cpu|sc_datapath:datapath|pc_reg[3] ; sc_cpu:cpu|sc_datapath:datapath|sc_regfile:regfile|regs~806 ; clk_cpu      ; clk_cpu     ; 100.000      ; -0.116     ; 39.304     ;
; 60.584 ; sc_cpu:cpu|sc_datapath:datapath|pc_reg[6] ; sc_cpu:cpu|sc_datapath:datapath|sc_regfile:regfile|regs~390 ; clk_cpu      ; clk_cpu     ; 100.000      ; -0.124     ; 39.290     ;
; 60.585 ; sc_cpu:cpu|sc_datapath:datapath|pc_reg[6] ; sc_cpu:cpu|sc_datapath:datapath|sc_regfile:regfile|regs~422 ; clk_cpu      ; clk_cpu     ; 100.000      ; -0.124     ; 39.289     ;
; 60.606 ; sc_cpu:cpu|sc_datapath:datapath|pc_reg[7] ; sc_cpu:cpu|sc_datapath:datapath|sc_regfile:regfile|regs~38  ; clk_cpu      ; clk_cpu     ; 100.000      ; -0.145     ; 39.247     ;
; 60.607 ; sc_cpu:cpu|sc_datapath:datapath|pc_reg[7] ; sc_cpu:cpu|sc_datapath:datapath|sc_regfile:regfile|regs~70  ; clk_cpu      ; clk_cpu     ; 100.000      ; -0.145     ; 39.246     ;
; 60.611 ; sc_cpu:cpu|sc_datapath:datapath|pc_reg[3] ; sc_cpu:cpu|sc_datapath:datapath|sc_regfile:regfile|regs~390 ; clk_cpu      ; clk_cpu     ; 100.000      ; -0.124     ; 39.263     ;
; 60.612 ; sc_cpu:cpu|sc_datapath:datapath|pc_reg[3] ; sc_cpu:cpu|sc_datapath:datapath|sc_regfile:regfile|regs~422 ; clk_cpu      ; clk_cpu     ; 100.000      ; -0.124     ; 39.262     ;
; 60.717 ; sc_cpu:cpu|sc_datapath:datapath|pc_reg[9] ; sc_cpu:cpu|sc_datapath:datapath|sc_regfile:regfile|regs~38  ; clk_cpu      ; clk_cpu     ; 100.000      ; -0.145     ; 39.136     ;
; 60.718 ; sc_cpu:cpu|sc_datapath:datapath|pc_reg[9] ; sc_cpu:cpu|sc_datapath:datapath|sc_regfile:regfile|regs~70  ; clk_cpu      ; clk_cpu     ; 100.000      ; -0.145     ; 39.135     ;
; 60.725 ; sc_cpu:cpu|sc_datapath:datapath|pc_reg[6] ; sc_cpu:cpu|sc_datapath:datapath|sc_regfile:regfile|regs~49  ; clk_cpu      ; clk_cpu     ; 100.000      ; -0.130     ; 39.143     ;
; 60.726 ; sc_cpu:cpu|sc_datapath:datapath|pc_reg[6] ; sc_cpu:cpu|sc_datapath:datapath|sc_regfile:regfile|regs~17  ; clk_cpu      ; clk_cpu     ; 100.000      ; -0.130     ; 39.142     ;
; 60.735 ; sc_cpu:cpu|sc_datapath:datapath|pc_reg[4] ; sc_cpu:cpu|sc_datapath:datapath|sc_regfile:regfile|regs~294 ; clk_cpu      ; clk_cpu     ; 100.000      ; -0.135     ; 39.128     ;
; 60.736 ; sc_cpu:cpu|sc_datapath:datapath|pc_reg[4] ; sc_cpu:cpu|sc_datapath:datapath|sc_regfile:regfile|regs~326 ; clk_cpu      ; clk_cpu     ; 100.000      ; -0.135     ; 39.127     ;
; 60.745 ; sc_cpu:cpu|sc_datapath:datapath|pc_reg[8] ; sc_cpu:cpu|sc_datapath:datapath|sc_regfile:regfile|regs~294 ; clk_cpu      ; clk_cpu     ; 100.000      ; -0.135     ; 39.118     ;
; 60.746 ; sc_cpu:cpu|sc_datapath:datapath|pc_reg[8] ; sc_cpu:cpu|sc_datapath:datapath|sc_regfile:regfile|regs~326 ; clk_cpu      ; clk_cpu     ; 100.000      ; -0.135     ; 39.117     ;
; 60.752 ; sc_cpu:cpu|sc_datapath:datapath|pc_reg[3] ; sc_cpu:cpu|sc_datapath:datapath|sc_regfile:regfile|regs~49  ; clk_cpu      ; clk_cpu     ; 100.000      ; -0.130     ; 39.116     ;
; 60.753 ; sc_cpu:cpu|sc_datapath:datapath|pc_reg[3] ; sc_cpu:cpu|sc_datapath:datapath|sc_regfile:regfile|regs~17  ; clk_cpu      ; clk_cpu     ; 100.000      ; -0.130     ; 39.115     ;
; 60.768 ; sc_cpu:cpu|sc_datapath:datapath|pc_reg[5] ; sc_cpu:cpu|sc_datapath:datapath|sc_regfile:regfile|regs~294 ; clk_cpu      ; clk_cpu     ; 100.000      ; -0.135     ; 39.095     ;
; 60.769 ; sc_cpu:cpu|sc_datapath:datapath|pc_reg[5] ; sc_cpu:cpu|sc_datapath:datapath|sc_regfile:regfile|regs~326 ; clk_cpu      ; clk_cpu     ; 100.000      ; -0.135     ; 39.094     ;
; 60.769 ; sc_cpu:cpu|sc_datapath:datapath|pc_reg[2] ; sc_cpu:cpu|sc_datapath:datapath|sc_regfile:regfile|regs~294 ; clk_cpu      ; clk_cpu     ; 100.000      ; -0.135     ; 39.094     ;
; 60.770 ; sc_cpu:cpu|sc_datapath:datapath|pc_reg[2] ; sc_cpu:cpu|sc_datapath:datapath|sc_regfile:regfile|regs~326 ; clk_cpu      ; clk_cpu     ; 100.000      ; -0.135     ; 39.093     ;
; 60.771 ; sc_cpu:cpu|sc_datapath:datapath|pc_reg[6] ; sc_cpu:cpu|sc_datapath:datapath|sc_regfile:regfile|regs~518 ; clk_cpu      ; clk_cpu     ; 100.000      ; -0.140     ; 39.087     ;
; 60.787 ; sc_cpu:cpu|sc_datapath:datapath|pc_reg[6] ; sc_cpu:cpu|sc_datapath:datapath|sc_regfile:regfile|regs~774 ; clk_cpu      ; clk_cpu     ; 100.000      ; -0.140     ; 39.071     ;
; 60.791 ; sc_cpu:cpu|sc_datapath:datapath|pc_reg[4] ; sc_cpu:cpu|sc_datapath:datapath|sc_regfile:regfile|regs~358 ; clk_cpu      ; clk_cpu     ; 100.000      ; -0.116     ; 39.091     ;
; 60.794 ; sc_cpu:cpu|sc_datapath:datapath|pc_reg[4] ; sc_cpu:cpu|sc_datapath:datapath|sc_regfile:regfile|regs~806 ; clk_cpu      ; clk_cpu     ; 100.000      ; -0.116     ; 39.088     ;
; 60.797 ; sc_cpu:cpu|sc_datapath:datapath|pc_reg[6] ; sc_cpu:cpu|sc_datapath:datapath|sc_regfile:regfile|regs~486 ; clk_cpu      ; clk_cpu     ; 100.000      ; -0.128     ; 39.073     ;
; 60.798 ; sc_cpu:cpu|sc_datapath:datapath|pc_reg[6] ; sc_cpu:cpu|sc_datapath:datapath|sc_regfile:regfile|regs~454 ; clk_cpu      ; clk_cpu     ; 100.000      ; -0.128     ; 39.072     ;
; 60.798 ; sc_cpu:cpu|sc_datapath:datapath|pc_reg[3] ; sc_cpu:cpu|sc_datapath:datapath|sc_regfile:regfile|regs~518 ; clk_cpu      ; clk_cpu     ; 100.000      ; -0.140     ; 39.060     ;
; 60.801 ; sc_cpu:cpu|sc_datapath:datapath|pc_reg[8] ; sc_cpu:cpu|sc_datapath:datapath|sc_regfile:regfile|regs~358 ; clk_cpu      ; clk_cpu     ; 100.000      ; -0.116     ; 39.081     ;
; 60.804 ; sc_cpu:cpu|sc_datapath:datapath|pc_reg[8] ; sc_cpu:cpu|sc_datapath:datapath|sc_regfile:regfile|regs~806 ; clk_cpu      ; clk_cpu     ; 100.000      ; -0.116     ; 39.078     ;
; 60.808 ; sc_cpu:cpu|sc_datapath:datapath|pc_reg[7] ; sc_cpu:cpu|sc_datapath:datapath|sc_regfile:regfile|regs~294 ; clk_cpu      ; clk_cpu     ; 100.000      ; -0.135     ; 39.055     ;
; 60.809 ; sc_cpu:cpu|sc_datapath:datapath|pc_reg[7] ; sc_cpu:cpu|sc_datapath:datapath|sc_regfile:regfile|regs~326 ; clk_cpu      ; clk_cpu     ; 100.000      ; -0.135     ; 39.054     ;
; 60.814 ; sc_cpu:cpu|sc_datapath:datapath|pc_reg[3] ; sc_cpu:cpu|sc_datapath:datapath|sc_regfile:regfile|regs~774 ; clk_cpu      ; clk_cpu     ; 100.000      ; -0.140     ; 39.044     ;
; 60.824 ; sc_cpu:cpu|sc_datapath:datapath|pc_reg[5] ; sc_cpu:cpu|sc_datapath:datapath|sc_regfile:regfile|regs~358 ; clk_cpu      ; clk_cpu     ; 100.000      ; -0.116     ; 39.058     ;
; 60.824 ; sc_cpu:cpu|sc_datapath:datapath|pc_reg[3] ; sc_cpu:cpu|sc_datapath:datapath|sc_regfile:regfile|regs~486 ; clk_cpu      ; clk_cpu     ; 100.000      ; -0.128     ; 39.046     ;
; 60.825 ; sc_cpu:cpu|sc_datapath:datapath|pc_reg[3] ; sc_cpu:cpu|sc_datapath:datapath|sc_regfile:regfile|regs~454 ; clk_cpu      ; clk_cpu     ; 100.000      ; -0.128     ; 39.045     ;
; 60.825 ; sc_cpu:cpu|sc_datapath:datapath|pc_reg[2] ; sc_cpu:cpu|sc_datapath:datapath|sc_regfile:regfile|regs~358 ; clk_cpu      ; clk_cpu     ; 100.000      ; -0.116     ; 39.057     ;
; 60.827 ; sc_cpu:cpu|sc_datapath:datapath|pc_reg[5] ; sc_cpu:cpu|sc_datapath:datapath|sc_regfile:regfile|regs~806 ; clk_cpu      ; clk_cpu     ; 100.000      ; -0.116     ; 39.055     ;
; 60.827 ; sc_cpu:cpu|sc_datapath:datapath|pc_reg[4] ; sc_cpu:cpu|sc_datapath:datapath|sc_regfile:regfile|regs~390 ; clk_cpu      ; clk_cpu     ; 100.000      ; -0.124     ; 39.047     ;
; 60.828 ; sc_cpu:cpu|sc_datapath:datapath|pc_reg[6] ; sc_cpu:cpu|sc_datapath:datapath|sc_regfile:regfile|regs~6   ; clk_cpu      ; clk_cpu     ; 100.000      ; -0.145     ; 39.025     ;
; 60.828 ; sc_cpu:cpu|sc_datapath:datapath|pc_reg[4] ; sc_cpu:cpu|sc_datapath:datapath|sc_regfile:regfile|regs~422 ; clk_cpu      ; clk_cpu     ; 100.000      ; -0.124     ; 39.046     ;
; 60.828 ; sc_cpu:cpu|sc_datapath:datapath|pc_reg[2] ; sc_cpu:cpu|sc_datapath:datapath|sc_regfile:regfile|regs~806 ; clk_cpu      ; clk_cpu     ; 100.000      ; -0.116     ; 39.054     ;
; 60.837 ; sc_cpu:cpu|sc_datapath:datapath|pc_reg[8] ; sc_cpu:cpu|sc_datapath:datapath|sc_regfile:regfile|regs~390 ; clk_cpu      ; clk_cpu     ; 100.000      ; -0.124     ; 39.037     ;
; 60.838 ; sc_cpu:cpu|sc_datapath:datapath|pc_reg[8] ; sc_cpu:cpu|sc_datapath:datapath|sc_regfile:regfile|regs~422 ; clk_cpu      ; clk_cpu     ; 100.000      ; -0.124     ; 39.036     ;
; 60.855 ; sc_cpu:cpu|sc_datapath:datapath|pc_reg[6] ; sc_cpu:cpu|sc_datapath:datapath|sc_regfile:regfile|regs~166 ; clk_cpu      ; clk_cpu     ; 100.000      ; -0.123     ; 39.020     ;
; 60.855 ; sc_cpu:cpu|sc_datapath:datapath|pc_reg[3] ; sc_cpu:cpu|sc_datapath:datapath|sc_regfile:regfile|regs~6   ; clk_cpu      ; clk_cpu     ; 100.000      ; -0.145     ; 38.998     ;
; 60.857 ; sc_cpu:cpu|sc_datapath:datapath|pc_reg[6] ; sc_cpu:cpu|sc_datapath:datapath|sc_regfile:regfile|regs~134 ; clk_cpu      ; clk_cpu     ; 100.000      ; -0.123     ; 39.018     ;
; 60.860 ; sc_cpu:cpu|sc_datapath:datapath|pc_reg[5] ; sc_cpu:cpu|sc_datapath:datapath|sc_regfile:regfile|regs~390 ; clk_cpu      ; clk_cpu     ; 100.000      ; -0.124     ; 39.014     ;
; 60.861 ; sc_cpu:cpu|sc_datapath:datapath|pc_reg[5] ; sc_cpu:cpu|sc_datapath:datapath|sc_regfile:regfile|regs~422 ; clk_cpu      ; clk_cpu     ; 100.000      ; -0.124     ; 39.013     ;
; 60.861 ; sc_cpu:cpu|sc_datapath:datapath|pc_reg[2] ; sc_cpu:cpu|sc_datapath:datapath|sc_regfile:regfile|regs~390 ; clk_cpu      ; clk_cpu     ; 100.000      ; -0.124     ; 39.013     ;
; 60.862 ; sc_cpu:cpu|sc_datapath:datapath|pc_reg[2] ; sc_cpu:cpu|sc_datapath:datapath|sc_regfile:regfile|regs~422 ; clk_cpu      ; clk_cpu     ; 100.000      ; -0.124     ; 39.012     ;
; 60.864 ; sc_cpu:cpu|sc_datapath:datapath|pc_reg[7] ; sc_cpu:cpu|sc_datapath:datapath|sc_regfile:regfile|regs~358 ; clk_cpu      ; clk_cpu     ; 100.000      ; -0.116     ; 39.018     ;
; 60.867 ; sc_cpu:cpu|sc_datapath:datapath|pc_reg[7] ; sc_cpu:cpu|sc_datapath:datapath|sc_regfile:regfile|regs~806 ; clk_cpu      ; clk_cpu     ; 100.000      ; -0.116     ; 39.015     ;
; 60.882 ; sc_cpu:cpu|sc_datapath:datapath|pc_reg[3] ; sc_cpu:cpu|sc_datapath:datapath|sc_regfile:regfile|regs~166 ; clk_cpu      ; clk_cpu     ; 100.000      ; -0.123     ; 38.993     ;
; 60.884 ; sc_cpu:cpu|sc_datapath:datapath|pc_reg[3] ; sc_cpu:cpu|sc_datapath:datapath|sc_regfile:regfile|regs~134 ; clk_cpu      ; clk_cpu     ; 100.000      ; -0.123     ; 38.991     ;
; 60.900 ; sc_cpu:cpu|sc_datapath:datapath|pc_reg[7] ; sc_cpu:cpu|sc_datapath:datapath|sc_regfile:regfile|regs~390 ; clk_cpu      ; clk_cpu     ; 100.000      ; -0.124     ; 38.974     ;
; 60.901 ; sc_cpu:cpu|sc_datapath:datapath|pc_reg[7] ; sc_cpu:cpu|sc_datapath:datapath|sc_regfile:regfile|regs~422 ; clk_cpu      ; clk_cpu     ; 100.000      ; -0.124     ; 38.973     ;
; 60.919 ; sc_cpu:cpu|sc_datapath:datapath|pc_reg[9] ; sc_cpu:cpu|sc_datapath:datapath|sc_regfile:regfile|regs~294 ; clk_cpu      ; clk_cpu     ; 100.000      ; -0.135     ; 38.944     ;
; 60.920 ; sc_cpu:cpu|sc_datapath:datapath|pc_reg[9] ; sc_cpu:cpu|sc_datapath:datapath|sc_regfile:regfile|regs~326 ; clk_cpu      ; clk_cpu     ; 100.000      ; -0.135     ; 38.943     ;
; 60.968 ; sc_cpu:cpu|sc_datapath:datapath|pc_reg[4] ; sc_cpu:cpu|sc_datapath:datapath|sc_regfile:regfile|regs~49  ; clk_cpu      ; clk_cpu     ; 100.000      ; -0.130     ; 38.900     ;
; 60.969 ; sc_cpu:cpu|sc_datapath:datapath|pc_reg[4] ; sc_cpu:cpu|sc_datapath:datapath|sc_regfile:regfile|regs~17  ; clk_cpu      ; clk_cpu     ; 100.000      ; -0.130     ; 38.899     ;
; 60.975 ; sc_cpu:cpu|sc_datapath:datapath|pc_reg[9] ; sc_cpu:cpu|sc_datapath:datapath|sc_regfile:regfile|regs~358 ; clk_cpu      ; clk_cpu     ; 100.000      ; -0.116     ; 38.907     ;
; 60.978 ; sc_cpu:cpu|sc_datapath:datapath|pc_reg[8] ; sc_cpu:cpu|sc_datapath:datapath|sc_regfile:regfile|regs~49  ; clk_cpu      ; clk_cpu     ; 100.000      ; -0.130     ; 38.890     ;
; 60.978 ; sc_cpu:cpu|sc_datapath:datapath|pc_reg[9] ; sc_cpu:cpu|sc_datapath:datapath|sc_regfile:regfile|regs~806 ; clk_cpu      ; clk_cpu     ; 100.000      ; -0.116     ; 38.904     ;
; 60.979 ; sc_cpu:cpu|sc_datapath:datapath|pc_reg[8] ; sc_cpu:cpu|sc_datapath:datapath|sc_regfile:regfile|regs~17  ; clk_cpu      ; clk_cpu     ; 100.000      ; -0.130     ; 38.889     ;
; 61.001 ; sc_cpu:cpu|sc_datapath:datapath|pc_reg[5] ; sc_cpu:cpu|sc_datapath:datapath|sc_regfile:regfile|regs~49  ; clk_cpu      ; clk_cpu     ; 100.000      ; -0.130     ; 38.867     ;
; 61.002 ; sc_cpu:cpu|sc_datapath:datapath|pc_reg[5] ; sc_cpu:cpu|sc_datapath:datapath|sc_regfile:regfile|regs~17  ; clk_cpu      ; clk_cpu     ; 100.000      ; -0.130     ; 38.866     ;
; 61.002 ; sc_cpu:cpu|sc_datapath:datapath|pc_reg[2] ; sc_cpu:cpu|sc_datapath:datapath|sc_regfile:regfile|regs~49  ; clk_cpu      ; clk_cpu     ; 100.000      ; -0.130     ; 38.866     ;
; 61.003 ; sc_cpu:cpu|sc_datapath:datapath|pc_reg[2] ; sc_cpu:cpu|sc_datapath:datapath|sc_regfile:regfile|regs~17  ; clk_cpu      ; clk_cpu     ; 100.000      ; -0.130     ; 38.865     ;
; 61.011 ; sc_cpu:cpu|sc_datapath:datapath|pc_reg[9] ; sc_cpu:cpu|sc_datapath:datapath|sc_regfile:regfile|regs~390 ; clk_cpu      ; clk_cpu     ; 100.000      ; -0.124     ; 38.863     ;
; 61.012 ; sc_cpu:cpu|sc_datapath:datapath|pc_reg[9] ; sc_cpu:cpu|sc_datapath:datapath|sc_regfile:regfile|regs~422 ; clk_cpu      ; clk_cpu     ; 100.000      ; -0.124     ; 38.862     ;
; 61.014 ; sc_cpu:cpu|sc_datapath:datapath|pc_reg[4] ; sc_cpu:cpu|sc_datapath:datapath|sc_regfile:regfile|regs~518 ; clk_cpu      ; clk_cpu     ; 100.000      ; -0.140     ; 38.844     ;
; 61.024 ; sc_cpu:cpu|sc_datapath:datapath|pc_reg[8] ; sc_cpu:cpu|sc_datapath:datapath|sc_regfile:regfile|regs~518 ; clk_cpu      ; clk_cpu     ; 100.000      ; -0.140     ; 38.834     ;
; 61.025 ; sc_cpu:cpu|sc_datapath:datapath|pc_reg[6] ; sc_cpu:cpu|sc_datapath:datapath|sc_regfile:regfile|regs~198 ; clk_cpu      ; clk_cpu     ; 100.000      ; -0.143     ; 38.830     ;
; 61.028 ; sc_cpu:cpu|sc_datapath:datapath|pc_reg[6] ; sc_cpu:cpu|sc_datapath:datapath|sc_regfile:regfile|regs~230 ; clk_cpu      ; clk_cpu     ; 100.000      ; -0.143     ; 38.827     ;
; 61.030 ; sc_cpu:cpu|sc_datapath:datapath|pc_reg[4] ; sc_cpu:cpu|sc_datapath:datapath|sc_regfile:regfile|regs~774 ; clk_cpu      ; clk_cpu     ; 100.000      ; -0.140     ; 38.828     ;
; 61.040 ; sc_cpu:cpu|sc_datapath:datapath|pc_reg[8] ; sc_cpu:cpu|sc_datapath:datapath|sc_regfile:regfile|regs~774 ; clk_cpu      ; clk_cpu     ; 100.000      ; -0.140     ; 38.818     ;
; 61.040 ; sc_cpu:cpu|sc_datapath:datapath|pc_reg[4] ; sc_cpu:cpu|sc_datapath:datapath|sc_regfile:regfile|regs~486 ; clk_cpu      ; clk_cpu     ; 100.000      ; -0.128     ; 38.830     ;
; 61.041 ; sc_cpu:cpu|sc_datapath:datapath|pc_reg[4] ; sc_cpu:cpu|sc_datapath:datapath|sc_regfile:regfile|regs~454 ; clk_cpu      ; clk_cpu     ; 100.000      ; -0.128     ; 38.829     ;
; 61.041 ; sc_cpu:cpu|sc_datapath:datapath|pc_reg[7] ; sc_cpu:cpu|sc_datapath:datapath|sc_regfile:regfile|regs~49  ; clk_cpu      ; clk_cpu     ; 100.000      ; -0.130     ; 38.827     ;
; 61.042 ; sc_cpu:cpu|sc_datapath:datapath|pc_reg[7] ; sc_cpu:cpu|sc_datapath:datapath|sc_regfile:regfile|regs~17  ; clk_cpu      ; clk_cpu     ; 100.000      ; -0.130     ; 38.826     ;
+--------+-------------------------------------------+-------------------------------------------------------------+--------------+-------------+--------------+------------+------------+


+--------------------------------------------------------------------------------------------------------------------------------------------------------------------------------------------------------------------------------------------------+
; Slow 1200mV 85C Model Hold: 'clk_cpu'                                                                                                                                                                                                            ;
+-------+----------------------------------------------------------------------------------+---------------------------------------------------------------------------------+--------------+-------------+--------------+------------+------------+
; Slack ; From Node                                                                        ; To Node                                                                         ; Launch Clock ; Latch Clock ; Relationship ; Clock Skew ; Data Delay ;
+-------+----------------------------------------------------------------------------------+---------------------------------------------------------------------------------+--------------+-------------+--------------+------------+------------+
; 0.403 ; sc_cpu:cpu|sc_datapath:datapath|sc_mmio:mmio|sc_uart:uart_inst|tx_sr[7]          ; sc_cpu:cpu|sc_datapath:datapath|sc_mmio:mmio|sc_uart:uart_inst|tx_sr[7]         ; clk_cpu      ; clk_cpu     ; 0.000        ; 0.080      ; 0.669      ;
; 0.403 ; sc_cpu:cpu|sc_datapath:datapath|sc_mmio:mmio|rx_ready                            ; sc_cpu:cpu|sc_datapath:datapath|sc_mmio:mmio|rx_ready                           ; clk_cpu      ; clk_cpu     ; 0.000        ; 0.080      ; 0.669      ;
; 0.403 ; sc_cpu:cpu|sc_datapath:datapath|sc_mmio:mmio|tx_byte_idx[0]                      ; sc_cpu:cpu|sc_datapath:datapath|sc_mmio:mmio|tx_byte_idx[0]                     ; clk_cpu      ; clk_cpu     ; 0.000        ; 0.080      ; 0.669      ;
; 0.403 ; sc_cpu:cpu|sc_datapath:datapath|sc_mmio:mmio|tx_byte_idx[1]                      ; sc_cpu:cpu|sc_datapath:datapath|sc_mmio:mmio|tx_byte_idx[1]                     ; clk_cpu      ; clk_cpu     ; 0.000        ; 0.080      ; 0.669      ;
; 0.403 ; sc_cpu:cpu|sc_datapath:datapath|sc_mmio:mmio|sc_uart:uart_inst|tx_state.TX_IDLE  ; sc_cpu:cpu|sc_datapath:datapath|sc_mmio:mmio|sc_uart:uart_inst|tx_state.TX_IDLE ; clk_cpu      ; clk_cpu     ; 0.000        ; 0.080      ; 0.669      ;
; 0.403 ; sc_cpu:cpu|sc_datapath:datapath|sc_mmio:mmio|sc_uart:uart_inst|tx_bit_idx[1]     ; sc_cpu:cpu|sc_datapath:datapath|sc_mmio:mmio|sc_uart:uart_inst|tx_bit_idx[1]    ; clk_cpu      ; clk_cpu     ; 0.000        ; 0.080      ; 0.669      ;
; 0.403 ; sc_cpu:cpu|sc_datapath:datapath|sc_mmio:mmio|sc_uart:uart_inst|tx_bit_idx[2]     ; sc_cpu:cpu|sc_datapath:datapath|sc_mmio:mmio|sc_uart:uart_inst|tx_bit_idx[2]    ; clk_cpu      ; clk_cpu     ; 0.000        ; 0.080      ; 0.669      ;
; 0.403 ; sc_cpu:cpu|sc_datapath:datapath|sc_mmio:mmio|sc_uart:uart_inst|tx_state.TX_STOP  ; sc_cpu:cpu|sc_datapath:datapath|sc_mmio:mmio|sc_uart:uart_inst|tx_state.TX_STOP ; clk_cpu      ; clk_cpu     ; 0.000        ; 0.080      ; 0.669      ;
; 0.404 ; sc_cpu:cpu|sc_datapath:datapath|sc_mmio:mmio|sc_uart:uart_inst|tx_busy           ; sc_cpu:cpu|sc_datapath:datapath|sc_mmio:mmio|sc_uart:uart_inst|tx_busy          ; clk_cpu      ; clk_cpu     ; 0.000        ; 0.079      ; 0.669      ;
; 0.404 ; sc_cpu:cpu|sc_datapath:datapath|sc_mmio:mmio|sc_uart:uart_inst|rx_state.RX_STOP  ; sc_cpu:cpu|sc_datapath:datapath|sc_mmio:mmio|sc_uart:uart_inst|rx_state.RX_STOP ; clk_cpu      ; clk_cpu     ; 0.000        ; 0.079      ; 0.669      ;
; 0.404 ; sc_cpu:cpu|sc_datapath:datapath|sc_mmio:mmio|sc_uart:uart_inst|rx_state.RX_IDLE  ; sc_cpu:cpu|sc_datapath:datapath|sc_mmio:mmio|sc_uart:uart_inst|rx_state.RX_IDLE ; clk_cpu      ; clk_cpu     ; 0.000        ; 0.079      ; 0.669      ;
; 0.404 ; sc_cpu:cpu|sc_datapath:datapath|sc_mmio:mmio|sc_uart:uart_inst|rx_bit_idx[2]     ; sc_cpu:cpu|sc_datapath:datapath|sc_mmio:mmio|sc_uart:uart_inst|rx_bit_idx[2]    ; clk_cpu      ; clk_cpu     ; 0.000        ; 0.079      ; 0.669      ;
; 0.404 ; sc_cpu:cpu|sc_datapath:datapath|sc_mmio:mmio|sc_uart:uart_inst|rx_bit_idx[1]     ; sc_cpu:cpu|sc_datapath:datapath|sc_mmio:mmio|sc_uart:uart_inst|rx_bit_idx[1]    ; clk_cpu      ; clk_cpu     ; 0.000        ; 0.079      ; 0.669      ;
; 0.408 ; sc_cpu:cpu|sc_datapath:datapath|sc_mmio:mmio|sc_uart:uart_inst|tx_bit_idx[0]     ; sc_cpu:cpu|sc_datapath:datapath|sc_mmio:mmio|sc_uart:uart_inst|tx_bit_idx[0]    ; clk_cpu      ; clk_cpu     ; 0.000        ; 0.080      ; 0.674      ;
; 0.408 ; sc_cpu:cpu|sc_datapath:datapath|sc_mmio:mmio|cycle_count[0]                      ; sc_cpu:cpu|sc_datapath:datapath|sc_mmio:mmio|cycle_count[0]                     ; clk_cpu      ; clk_cpu     ; 0.000        ; 0.080      ; 0.674      ;
; 0.409 ; sc_cpu:cpu|sc_datapath:datapath|sc_mmio:mmio|sc_uart:uart_inst|rx_bit_idx[0]     ; sc_cpu:cpu|sc_datapath:datapath|sc_mmio:mmio|sc_uart:uart_inst|rx_bit_idx[0]    ; clk_cpu      ; clk_cpu     ; 0.000        ; 0.079      ; 0.674      ;
; 0.434 ; sc_cpu:cpu|sc_datapath:datapath|sc_mmio:mmio|sc_uart:uart_inst|tx_bit_idx[0]     ; sc_cpu:cpu|sc_datapath:datapath|sc_mmio:mmio|sc_uart:uart_inst|tx_bit_idx[1]    ; clk_cpu      ; clk_cpu     ; 0.000        ; 0.080      ; 0.700      ;
; 0.437 ; sc_cpu:cpu|sc_datapath:datapath|sc_mmio:mmio|sc_uart:uart_inst|tx_bit_idx[0]     ; sc_cpu:cpu|sc_datapath:datapath|sc_mmio:mmio|sc_uart:uart_inst|tx_bit_idx[2]    ; clk_cpu      ; clk_cpu     ; 0.000        ; 0.080      ; 0.703      ;
; 0.441 ; sc_cpu:cpu|sc_datapath:datapath|pc_reg[31]                                       ; sc_cpu:cpu|sc_datapath:datapath|pc_reg[31]                                      ; clk_cpu      ; clk_cpu     ; 0.000        ; 0.081      ; 0.708      ;
; 0.451 ; sc_cpu:cpu|sc_datapath:datapath|sc_mmio:mmio|sc_uart:uart_inst|rx_sr[3]          ; sc_cpu:cpu|sc_datapath:datapath|sc_mmio:mmio|sc_uart:uart_inst|rx_sr[2]         ; clk_cpu      ; clk_cpu     ; 0.000        ; 0.080      ; 0.717      ;
; 0.451 ; sc_cpu:cpu|sc_datapath:datapath|sc_mmio:mmio|sc_uart:uart_inst|rx_sr[5]          ; sc_cpu:cpu|sc_datapath:datapath|sc_mmio:mmio|sc_uart:uart_inst|rx_sr[4]         ; clk_cpu      ; clk_cpu     ; 0.000        ; 0.080      ; 0.717      ;
; 0.451 ; sc_cpu:cpu|sc_datapath:datapath|sc_mmio:mmio|sc_uart:uart_inst|tx_state.TX_STOP  ; sc_cpu:cpu|sc_datapath:datapath|sc_mmio:mmio|sc_uart:uart_inst|tx_state.TX_IDLE ; clk_cpu      ; clk_cpu     ; 0.000        ; 0.080      ; 0.717      ;
; 0.452 ; sc_cpu:cpu|sc_datapath:datapath|sc_mmio:mmio|sc_uart:uart_inst|rx_sr[7]          ; sc_cpu:cpu|sc_datapath:datapath|sc_mmio:mmio|sc_uart:uart_inst|rx_sr[6]         ; clk_cpu      ; clk_cpu     ; 0.000        ; 0.080      ; 0.718      ;
; 0.452 ; sc_cpu:cpu|sc_datapath:datapath|sc_mmio:mmio|sc_uart:uart_inst|rx_state.RX_STOP  ; sc_cpu:cpu|sc_datapath:datapath|sc_mmio:mmio|sc_uart:uart_inst|rx_valid         ; clk_cpu      ; clk_cpu     ; 0.000        ; 0.079      ; 0.717      ;
; 0.453 ; sc_cpu:cpu|sc_datapath:datapath|sc_mmio:mmio|sc_uart:uart_inst|rx_sr[4]          ; sc_cpu:cpu|sc_datapath:datapath|sc_mmio:mmio|sc_uart:uart_inst|rx_sr[3]         ; clk_cpu      ; clk_cpu     ; 0.000        ; 0.080      ; 0.719      ;
; 0.460 ; sc_cpu:cpu|sc_datapath:datapath|sc_mmio:mmio|sc_uart:uart_inst|rx_state.RX_START ; sc_cpu:cpu|sc_datapath:datapath|sc_mmio:mmio|sc_uart:uart_inst|rx_state.RX_DATA ; clk_cpu      ; clk_cpu     ; 0.000        ; 0.080      ; 0.726      ;
; 0.466 ; sc_cpu:cpu|sc_datapath:datapath|sc_mmio:mmio|tx_word_busy                        ; sc_cpu:cpu|sc_datapath:datapath|sc_mmio:mmio|sc_uart:uart_inst|tx_busy          ; clk_cpu      ; clk_cpu     ; 0.000        ; 0.079      ; 0.731      ;
; 0.567 ; sc_cpu:cpu|sc_datapath:datapath|sc_mmio:mmio|sc_uart:uart_inst|rxd_q             ; sc_cpu:cpu|sc_datapath:datapath|sc_mmio:mmio|sc_uart:uart_inst|rx_valid         ; clk_cpu      ; clk_cpu     ; 0.000        ; 0.079      ; 0.832      ;
; 0.592 ; sc_cpu:cpu|sc_datapath:datapath|sc_mmio:mmio|sc_uart:uart_inst|tx_sr[0]          ; sc_cpu:cpu|sc_datapath:datapath|sc_mmio:mmio|sc_uart:uart_inst|TXD              ; clk_cpu      ; clk_cpu     ; 0.000        ; 0.079      ; 0.857      ;
; 0.601 ; sc_cpu:cpu|sc_datapath:datapath|sc_mmio:mmio|sc_uart:uart_inst|tx_sr[1]          ; sc_cpu:cpu|sc_datapath:datapath|sc_mmio:mmio|sc_uart:uart_inst|tx_sr[0]         ; clk_cpu      ; clk_cpu     ; 0.000        ; 0.080      ; 0.867      ;
; 0.601 ; sc_cpu:cpu|sc_datapath:datapath|sc_mmio:mmio|sc_uart:uart_inst|tx_sr[2]          ; sc_cpu:cpu|sc_datapath:datapath|sc_mmio:mmio|sc_uart:uart_inst|tx_sr[1]         ; clk_cpu      ; clk_cpu     ; 0.000        ; 0.080      ; 0.867      ;
; 0.601 ; sc_cpu:cpu|sc_datapath:datapath|sc_mmio:mmio|sc_uart:uart_inst|tx_sr[3]          ; sc_cpu:cpu|sc_datapath:datapath|sc_mmio:mmio|sc_uart:uart_inst|tx_sr[2]         ; clk_cpu      ; clk_cpu     ; 0.000        ; 0.080      ; 0.867      ;
; 0.602 ; sc_cpu:cpu|sc_datapath:datapath|sc_mmio:mmio|sc_uart:uart_inst|tx_sr[4]          ; sc_cpu:cpu|sc_datapath:datapath|sc_mmio:mmio|sc_uart:uart_inst|tx_sr[3]         ; clk_cpu      ; clk_cpu     ; 0.000        ; 0.080      ; 0.868      ;
; 0.602 ; sc_cpu:cpu|sc_datapath:datapath|sc_mmio:mmio|sc_uart:uart_inst|tx_sr[5]          ; sc_cpu:cpu|sc_datapath:datapath|sc_mmio:mmio|sc_uart:uart_inst|tx_sr[4]         ; clk_cpu      ; clk_cpu     ; 0.000        ; 0.080      ; 0.868      ;
; 0.603 ; sc_cpu:cpu|sc_datapath:datapath|sc_mmio:mmio|sc_uart:uart_inst|tx_sr[6]          ; sc_cpu:cpu|sc_datapath:datapath|sc_mmio:mmio|sc_uart:uart_inst|tx_sr[5]         ; clk_cpu      ; clk_cpu     ; 0.000        ; 0.080      ; 0.869      ;
; 0.606 ; sc_cpu:cpu|sc_datapath:datapath|sc_mmio:mmio|sc_uart:uart_inst|rx_sr[2]          ; sc_cpu:cpu|sc_datapath:datapath|sc_mmio:mmio|sc_uart:uart_inst|rx_data[2]       ; clk_cpu      ; clk_cpu     ; 0.000        ; 0.080      ; 0.872      ;
; 0.610 ; sc_cpu:cpu|sc_datapath:datapath|sc_mmio:mmio|sc_uart:uart_inst|rx_sr[2]          ; sc_cpu:cpu|sc_datapath:datapath|sc_mmio:mmio|sc_uart:uart_inst|rx_sr[1]         ; clk_cpu      ; clk_cpu     ; 0.000        ; 0.080      ; 0.876      ;
; 0.623 ; sc_cpu:cpu|sc_datapath:datapath|sc_mmio:mmio|sc_uart:uart_inst|rx_sr[1]          ; sc_cpu:cpu|sc_datapath:datapath|sc_mmio:mmio|sc_uart:uart_inst|rx_sr[0]         ; clk_cpu      ; clk_cpu     ; 0.000        ; 0.080      ; 0.889      ;
; 0.623 ; sc_cpu:cpu|sc_datapath:datapath|sc_mmio:mmio|sc_uart:uart_inst|rx_sr[6]          ; sc_cpu:cpu|sc_datapath:datapath|sc_mmio:mmio|sc_uart:uart_inst|rx_sr[5]         ; clk_cpu      ; clk_cpu     ; 0.000        ; 0.080      ; 0.889      ;
; 0.628 ; sc_cpu:cpu|sc_datapath:datapath|sc_mmio:mmio|sc_uart:uart_inst|tx_state.TX_DATA  ; sc_cpu:cpu|sc_datapath:datapath|sc_mmio:mmio|sc_uart:uart_inst|TXD              ; clk_cpu      ; clk_cpu     ; 0.000        ; 0.080      ; 0.894      ;
; 0.655 ; sc_cpu:cpu|sc_datapath:datapath|pc_reg[7]                                        ; sc_cpu:cpu|sc_datapath:datapath|pc_reg[7]                                       ; clk_cpu      ; clk_cpu     ; 0.000        ; 0.081      ; 0.922      ;
; 0.656 ; sc_cpu:cpu|sc_datapath:datapath|pc_reg[23]                                       ; sc_cpu:cpu|sc_datapath:datapath|pc_reg[23]                                      ; clk_cpu      ; clk_cpu     ; 0.000        ; 0.081      ; 0.923      ;
; 0.656 ; sc_cpu:cpu|sc_datapath:datapath|pc_reg[17]                                       ; sc_cpu:cpu|sc_datapath:datapath|pc_reg[17]                                      ; clk_cpu      ; clk_cpu     ; 0.000        ; 0.081      ; 0.923      ;
; 0.656 ; sc_cpu:cpu|sc_datapath:datapath|pc_reg[16]                                       ; sc_cpu:cpu|sc_datapath:datapath|pc_reg[16]                                      ; clk_cpu      ; clk_cpu     ; 0.000        ; 0.081      ; 0.923      ;
; 0.656 ; sc_cpu:cpu|sc_datapath:datapath|pc_reg[15]                                       ; sc_cpu:cpu|sc_datapath:datapath|pc_reg[15]                                      ; clk_cpu      ; clk_cpu     ; 0.000        ; 0.081      ; 0.923      ;
; 0.656 ; sc_cpu:cpu|sc_datapath:datapath|pc_reg[14]                                       ; sc_cpu:cpu|sc_datapath:datapath|pc_reg[14]                                      ; clk_cpu      ; clk_cpu     ; 0.000        ; 0.081      ; 0.923      ;
; 0.656 ; sc_cpu:cpu|sc_datapath:datapath|sc_mmio:mmio|sc_uart:uart_inst|rx_cnt[3]         ; sc_cpu:cpu|sc_datapath:datapath|sc_mmio:mmio|sc_uart:uart_inst|rx_cnt[3]        ; clk_cpu      ; clk_cpu     ; 0.000        ; 0.080      ; 0.922      ;
; 0.656 ; sc_cpu:cpu|sc_datapath:datapath|sc_mmio:mmio|sc_uart:uart_inst|rx_cnt[5]         ; sc_cpu:cpu|sc_datapath:datapath|sc_mmio:mmio|sc_uart:uart_inst|rx_cnt[5]        ; clk_cpu      ; clk_cpu     ; 0.000        ; 0.080      ; 0.922      ;
; 0.656 ; sc_cpu:cpu|sc_datapath:datapath|sc_mmio:mmio|sc_uart:uart_inst|rx_cnt[13]        ; sc_cpu:cpu|sc_datapath:datapath|sc_mmio:mmio|sc_uart:uart_inst|rx_cnt[13]       ; clk_cpu      ; clk_cpu     ; 0.000        ; 0.080      ; 0.922      ;
; 0.656 ; sc_cpu:cpu|sc_datapath:datapath|sc_mmio:mmio|cycle_count[6]                      ; sc_cpu:cpu|sc_datapath:datapath|sc_mmio:mmio|cycle_count[6]                     ; clk_cpu      ; clk_cpu     ; 0.000        ; 0.080      ; 0.922      ;
; 0.657 ; sc_cpu:cpu|sc_datapath:datapath|pc_reg[30]                                       ; sc_cpu:cpu|sc_datapath:datapath|pc_reg[30]                                      ; clk_cpu      ; clk_cpu     ; 0.000        ; 0.081      ; 0.924      ;
; 0.657 ; sc_cpu:cpu|sc_datapath:datapath|pc_reg[20]                                       ; sc_cpu:cpu|sc_datapath:datapath|pc_reg[20]                                      ; clk_cpu      ; clk_cpu     ; 0.000        ; 0.081      ; 0.924      ;
; 0.657 ; sc_cpu:cpu|sc_datapath:datapath|pc_reg[19]                                       ; sc_cpu:cpu|sc_datapath:datapath|pc_reg[19]                                      ; clk_cpu      ; clk_cpu     ; 0.000        ; 0.081      ; 0.924      ;
; 0.657 ; sc_cpu:cpu|sc_datapath:datapath|pc_reg[13]                                       ; sc_cpu:cpu|sc_datapath:datapath|pc_reg[13]                                      ; clk_cpu      ; clk_cpu     ; 0.000        ; 0.081      ; 0.924      ;
; 0.657 ; sc_cpu:cpu|sc_datapath:datapath|pc_reg[11]                                       ; sc_cpu:cpu|sc_datapath:datapath|pc_reg[11]                                      ; clk_cpu      ; clk_cpu     ; 0.000        ; 0.081      ; 0.924      ;
; 0.657 ; sc_cpu:cpu|sc_datapath:datapath|pc_reg[5]                                        ; sc_cpu:cpu|sc_datapath:datapath|pc_reg[5]                                       ; clk_cpu      ; clk_cpu     ; 0.000        ; 0.081      ; 0.924      ;
; 0.657 ; sc_cpu:cpu|sc_datapath:datapath|pc_reg[9]                                        ; sc_cpu:cpu|sc_datapath:datapath|pc_reg[9]                                       ; clk_cpu      ; clk_cpu     ; 0.000        ; 0.081      ; 0.924      ;
; 0.657 ; sc_cpu:cpu|sc_datapath:datapath|sc_mmio:mmio|cycle_count[22]                     ; sc_cpu:cpu|sc_datapath:datapath|sc_mmio:mmio|cycle_count[22]                    ; clk_cpu      ; clk_cpu     ; 0.000        ; 0.079      ; 0.922      ;
; 0.657 ; sc_cpu:cpu|sc_datapath:datapath|sc_mmio:mmio|cycle_count[15]                     ; sc_cpu:cpu|sc_datapath:datapath|sc_mmio:mmio|cycle_count[15]                    ; clk_cpu      ; clk_cpu     ; 0.000        ; 0.080      ; 0.923      ;
; 0.657 ; sc_cpu:cpu|sc_datapath:datapath|sc_mmio:mmio|cycle_count[14]                     ; sc_cpu:cpu|sc_datapath:datapath|sc_mmio:mmio|cycle_count[14]                    ; clk_cpu      ; clk_cpu     ; 0.000        ; 0.080      ; 0.923      ;
; 0.657 ; sc_cpu:cpu|sc_datapath:datapath|sc_mmio:mmio|cycle_count[13]                     ; sc_cpu:cpu|sc_datapath:datapath|sc_mmio:mmio|cycle_count[13]                    ; clk_cpu      ; clk_cpu     ; 0.000        ; 0.080      ; 0.923      ;
; 0.657 ; sc_cpu:cpu|sc_datapath:datapath|sc_mmio:mmio|sc_uart:uart_inst|tx_cnt[3]         ; sc_cpu:cpu|sc_datapath:datapath|sc_mmio:mmio|sc_uart:uart_inst|tx_cnt[3]        ; clk_cpu      ; clk_cpu     ; 0.000        ; 0.079      ; 0.922      ;
; 0.657 ; sc_cpu:cpu|sc_datapath:datapath|sc_mmio:mmio|sc_uart:uart_inst|tx_cnt[5]         ; sc_cpu:cpu|sc_datapath:datapath|sc_mmio:mmio|sc_uart:uart_inst|tx_cnt[5]        ; clk_cpu      ; clk_cpu     ; 0.000        ; 0.079      ; 0.922      ;
; 0.657 ; sc_cpu:cpu|sc_datapath:datapath|sc_mmio:mmio|sc_uart:uart_inst|tx_cnt[13]        ; sc_cpu:cpu|sc_datapath:datapath|sc_mmio:mmio|sc_uart:uart_inst|tx_cnt[13]       ; clk_cpu      ; clk_cpu     ; 0.000        ; 0.079      ; 0.922      ;
; 0.657 ; sc_cpu:cpu|sc_datapath:datapath|sc_mmio:mmio|sc_uart:uart_inst|rx_cnt[1]         ; sc_cpu:cpu|sc_datapath:datapath|sc_mmio:mmio|sc_uart:uart_inst|rx_cnt[1]        ; clk_cpu      ; clk_cpu     ; 0.000        ; 0.080      ; 0.923      ;
; 0.657 ; sc_cpu:cpu|sc_datapath:datapath|sc_mmio:mmio|sc_uart:uart_inst|rx_cnt[11]        ; sc_cpu:cpu|sc_datapath:datapath|sc_mmio:mmio|sc_uart:uart_inst|rx_cnt[11]       ; clk_cpu      ; clk_cpu     ; 0.000        ; 0.080      ; 0.923      ;
; 0.657 ; sc_cpu:cpu|sc_datapath:datapath|sc_mmio:mmio|cycle_count[5]                      ; sc_cpu:cpu|sc_datapath:datapath|sc_mmio:mmio|cycle_count[5]                     ; clk_cpu      ; clk_cpu     ; 0.000        ; 0.080      ; 0.923      ;
; 0.657 ; sc_cpu:cpu|sc_datapath:datapath|sc_mmio:mmio|cycle_count[3]                      ; sc_cpu:cpu|sc_datapath:datapath|sc_mmio:mmio|cycle_count[3]                     ; clk_cpu      ; clk_cpu     ; 0.000        ; 0.080      ; 0.923      ;
; 0.657 ; sc_cpu:cpu|sc_datapath:datapath|sc_mmio:mmio|cycle_count[2]                      ; sc_cpu:cpu|sc_datapath:datapath|sc_mmio:mmio|cycle_count[2]                     ; clk_cpu      ; clk_cpu     ; 0.000        ; 0.080      ; 0.923      ;
; 0.657 ; sc_cpu:cpu|sc_datapath:datapath|sc_mmio:mmio|sc_uart:uart_inst|rx_bit_idx[0]     ; sc_cpu:cpu|sc_datapath:datapath|sc_mmio:mmio|sc_uart:uart_inst|rx_bit_idx[2]    ; clk_cpu      ; clk_cpu     ; 0.000        ; 0.079      ; 0.922      ;
; 0.657 ; sc_cpu:cpu|sc_datapath:datapath|sc_mmio:mmio|sc_uart:uart_inst|rx_bit_idx[0]     ; sc_cpu:cpu|sc_datapath:datapath|sc_mmio:mmio|sc_uart:uart_inst|rx_bit_idx[1]    ; clk_cpu      ; clk_cpu     ; 0.000        ; 0.079      ; 0.922      ;
; 0.658 ; sc_cpu:cpu|sc_datapath:datapath|pc_reg[29]                                       ; sc_cpu:cpu|sc_datapath:datapath|pc_reg[29]                                      ; clk_cpu      ; clk_cpu     ; 0.000        ; 0.081      ; 0.925      ;
; 0.658 ; sc_cpu:cpu|sc_datapath:datapath|pc_reg[28]                                       ; sc_cpu:cpu|sc_datapath:datapath|pc_reg[28]                                      ; clk_cpu      ; clk_cpu     ; 0.000        ; 0.081      ; 0.925      ;
; 0.658 ; sc_cpu:cpu|sc_datapath:datapath|pc_reg[27]                                       ; sc_cpu:cpu|sc_datapath:datapath|pc_reg[27]                                      ; clk_cpu      ; clk_cpu     ; 0.000        ; 0.081      ; 0.925      ;
; 0.658 ; sc_cpu:cpu|sc_datapath:datapath|pc_reg[21]                                       ; sc_cpu:cpu|sc_datapath:datapath|pc_reg[21]                                      ; clk_cpu      ; clk_cpu     ; 0.000        ; 0.081      ; 0.925      ;
; 0.658 ; sc_cpu:cpu|sc_datapath:datapath|sc_mmio:mmio|cycle_count[16]                     ; sc_cpu:cpu|sc_datapath:datapath|sc_mmio:mmio|cycle_count[16]                    ; clk_cpu      ; clk_cpu     ; 0.000        ; 0.079      ; 0.923      ;
; 0.658 ; sc_cpu:cpu|sc_datapath:datapath|sc_mmio:mmio|cycle_count[11]                     ; sc_cpu:cpu|sc_datapath:datapath|sc_mmio:mmio|cycle_count[11]                    ; clk_cpu      ; clk_cpu     ; 0.000        ; 0.080      ; 0.924      ;
; 0.658 ; sc_cpu:cpu|sc_datapath:datapath|sc_mmio:mmio|cycle_count[10]                     ; sc_cpu:cpu|sc_datapath:datapath|sc_mmio:mmio|cycle_count[10]                    ; clk_cpu      ; clk_cpu     ; 0.000        ; 0.080      ; 0.924      ;
; 0.658 ; sc_cpu:cpu|sc_datapath:datapath|sc_mmio:mmio|sc_uart:uart_inst|tx_cnt[1]         ; sc_cpu:cpu|sc_datapath:datapath|sc_mmio:mmio|sc_uart:uart_inst|tx_cnt[1]        ; clk_cpu      ; clk_cpu     ; 0.000        ; 0.079      ; 0.923      ;
; 0.658 ; sc_cpu:cpu|sc_datapath:datapath|sc_mmio:mmio|sc_uart:uart_inst|tx_cnt[11]        ; sc_cpu:cpu|sc_datapath:datapath|sc_mmio:mmio|sc_uart:uart_inst|tx_cnt[11]       ; clk_cpu      ; clk_cpu     ; 0.000        ; 0.079      ; 0.923      ;
; 0.658 ; sc_cpu:cpu|sc_datapath:datapath|sc_mmio:mmio|cycle_count[8]                      ; sc_cpu:cpu|sc_datapath:datapath|sc_mmio:mmio|cycle_count[8]                     ; clk_cpu      ; clk_cpu     ; 0.000        ; 0.080      ; 0.924      ;
; 0.658 ; sc_cpu:cpu|sc_datapath:datapath|sc_mmio:mmio|sc_uart:uart_inst|rx_cnt[6]         ; sc_cpu:cpu|sc_datapath:datapath|sc_mmio:mmio|sc_uart:uart_inst|rx_cnt[6]        ; clk_cpu      ; clk_cpu     ; 0.000        ; 0.080      ; 0.924      ;
; 0.658 ; sc_cpu:cpu|sc_datapath:datapath|sc_mmio:mmio|sc_uart:uart_inst|rx_cnt[15]        ; sc_cpu:cpu|sc_datapath:datapath|sc_mmio:mmio|sc_uart:uart_inst|rx_cnt[15]       ; clk_cpu      ; clk_cpu     ; 0.000        ; 0.080      ; 0.924      ;
; 0.658 ; sc_cpu:cpu|sc_datapath:datapath|sc_mmio:mmio|cycle_count[4]                      ; sc_cpu:cpu|sc_datapath:datapath|sc_mmio:mmio|cycle_count[4]                     ; clk_cpu      ; clk_cpu     ; 0.000        ; 0.080      ; 0.924      ;
; 0.659 ; sc_cpu:cpu|sc_datapath:datapath|pc_reg[18]                                       ; sc_cpu:cpu|sc_datapath:datapath|pc_reg[18]                                      ; clk_cpu      ; clk_cpu     ; 0.000        ; 0.081      ; 0.926      ;
; 0.659 ; sc_cpu:cpu|sc_datapath:datapath|sc_mmio:mmio|cycle_count[29]                     ; sc_cpu:cpu|sc_datapath:datapath|sc_mmio:mmio|cycle_count[29]                    ; clk_cpu      ; clk_cpu     ; 0.000        ; 0.079      ; 0.924      ;
; 0.659 ; sc_cpu:cpu|sc_datapath:datapath|sc_mmio:mmio|cycle_count[21]                     ; sc_cpu:cpu|sc_datapath:datapath|sc_mmio:mmio|cycle_count[21]                    ; clk_cpu      ; clk_cpu     ; 0.000        ; 0.079      ; 0.924      ;
; 0.659 ; sc_cpu:cpu|sc_datapath:datapath|sc_mmio:mmio|cycle_count[20]                     ; sc_cpu:cpu|sc_datapath:datapath|sc_mmio:mmio|cycle_count[20]                    ; clk_cpu      ; clk_cpu     ; 0.000        ; 0.079      ; 0.924      ;
; 0.659 ; sc_cpu:cpu|sc_datapath:datapath|sc_mmio:mmio|cycle_count[19]                     ; sc_cpu:cpu|sc_datapath:datapath|sc_mmio:mmio|cycle_count[19]                    ; clk_cpu      ; clk_cpu     ; 0.000        ; 0.079      ; 0.924      ;
; 0.659 ; sc_cpu:cpu|sc_datapath:datapath|sc_mmio:mmio|cycle_count[18]                     ; sc_cpu:cpu|sc_datapath:datapath|sc_mmio:mmio|cycle_count[18]                    ; clk_cpu      ; clk_cpu     ; 0.000        ; 0.079      ; 0.924      ;
; 0.659 ; sc_cpu:cpu|sc_datapath:datapath|sc_mmio:mmio|sc_uart:uart_inst|tx_cnt[6]         ; sc_cpu:cpu|sc_datapath:datapath|sc_mmio:mmio|sc_uart:uart_inst|tx_cnt[6]        ; clk_cpu      ; clk_cpu     ; 0.000        ; 0.079      ; 0.924      ;
; 0.659 ; sc_cpu:cpu|sc_datapath:datapath|sc_mmio:mmio|sc_uart:uart_inst|tx_cnt[15]        ; sc_cpu:cpu|sc_datapath:datapath|sc_mmio:mmio|sc_uart:uart_inst|tx_cnt[15]       ; clk_cpu      ; clk_cpu     ; 0.000        ; 0.079      ; 0.924      ;
; 0.659 ; sc_cpu:cpu|sc_datapath:datapath|sc_mmio:mmio|sc_uart:uart_inst|rx_cnt[9]         ; sc_cpu:cpu|sc_datapath:datapath|sc_mmio:mmio|sc_uart:uart_inst|rx_cnt[9]        ; clk_cpu      ; clk_cpu     ; 0.000        ; 0.080      ; 0.925      ;
; 0.659 ; sc_cpu:cpu|sc_datapath:datapath|sc_mmio:mmio|sc_uart:uart_inst|rx_cnt[7]         ; sc_cpu:cpu|sc_datapath:datapath|sc_mmio:mmio|sc_uart:uart_inst|rx_cnt[7]        ; clk_cpu      ; clk_cpu     ; 0.000        ; 0.080      ; 0.925      ;
; 0.660 ; sc_cpu:cpu|sc_datapath:datapath|pc_reg[10]                                       ; sc_cpu:cpu|sc_datapath:datapath|pc_reg[10]                                      ; clk_cpu      ; clk_cpu     ; 0.000        ; 0.081      ; 0.927      ;
; 0.660 ; sc_cpu:cpu|sc_datapath:datapath|pc_reg[8]                                        ; sc_cpu:cpu|sc_datapath:datapath|pc_reg[8]                                       ; clk_cpu      ; clk_cpu     ; 0.000        ; 0.081      ; 0.927      ;
; 0.660 ; sc_cpu:cpu|sc_datapath:datapath|sc_mmio:mmio|cycle_count[30]                     ; sc_cpu:cpu|sc_datapath:datapath|sc_mmio:mmio|cycle_count[30]                    ; clk_cpu      ; clk_cpu     ; 0.000        ; 0.079      ; 0.925      ;
; 0.660 ; sc_cpu:cpu|sc_datapath:datapath|sc_mmio:mmio|cycle_count[28]                     ; sc_cpu:cpu|sc_datapath:datapath|sc_mmio:mmio|cycle_count[28]                    ; clk_cpu      ; clk_cpu     ; 0.000        ; 0.079      ; 0.925      ;
; 0.660 ; sc_cpu:cpu|sc_datapath:datapath|sc_mmio:mmio|cycle_count[27]                     ; sc_cpu:cpu|sc_datapath:datapath|sc_mmio:mmio|cycle_count[27]                    ; clk_cpu      ; clk_cpu     ; 0.000        ; 0.079      ; 0.925      ;
; 0.660 ; sc_cpu:cpu|sc_datapath:datapath|sc_mmio:mmio|cycle_count[26]                     ; sc_cpu:cpu|sc_datapath:datapath|sc_mmio:mmio|cycle_count[26]                    ; clk_cpu      ; clk_cpu     ; 0.000        ; 0.079      ; 0.925      ;
+-------+----------------------------------------------------------------------------------+---------------------------------------------------------------------------------+--------------+-------------+--------------+------------+------------+


-----------------------------------------------
; Slow 1200mV 85C Model Metastability Summary ;
-----------------------------------------------
The design MTBF is not calculated because there are no specified synchronizers in the design.
Number of Synchronizer Chains Found: 1
Shortest Synchronizer Chain: 2 Registers
Fraction of Chains for which MTBFs Could Not be Calculated: 1.000
Worst Case Available Settling Time: 195.203 ns




+-------------------------------------------------+
; Slow 1200mV 0C Model Fmax Summary               ;
+-----------+-----------------+------------+------+
; Fmax      ; Restricted Fmax ; Clock Name ; Note ;
+-----------+-----------------+------------+------+
; 27.19 MHz ; 27.19 MHz       ; clk_cpu    ;      ;
+-----------+-----------------+------------+------+
This panel reports FMAX for every clock in the design, regardless of the user-specified clock periods.  FMAX is only computed for paths where the source and destination registers or ports are driven by the same clock.  Paths of different clocks, including generated clocks, are ignored.  For paths between a clock and its inversion, FMAX is computed as if the rising and falling edges are scaled along with FMAX, such that the duty cycle (in terms of a percentage) is maintained. Altera recommends that you always use clock constraints and other slack reports for sign-off analysis.


+------------------------------------+
; Slow 1200mV 0C Model Setup Summary ;
+---------+--------+-----------------+
; Clock   ; Slack  ; End Point TNS   ;
+---------+--------+-----------------+
; clk_cpu ; 63.220 ; 0.000           ;
+---------+--------+-----------------+


+-----------------------------------+
; Slow 1200mV 0C Model Hold Summary ;
+---------+-------+-----------------+
; Clock   ; Slack ; End Point TNS   ;
+---------+-------+-----------------+
; clk_cpu ; 0.355 ; 0.000           ;
+---------+-------+-----------------+


-----------------------------------------
; Slow 1200mV 0C Model Recovery Summary ;
-----------------------------------------
No paths to report.


----------------------------------------
; Slow 1200mV 0C Model Removal Summary ;
----------------------------------------
No paths to report.


+--------------------------------------------------+
; Slow 1200mV 0C Model Minimum Pulse Width Summary ;
+---------+--------+-------------------------------+
; Clock   ; Slack  ; End Point TNS                 ;
+---------+--------+-------------------------------+
; clk     ; 9.887  ; 0.000                         ;
; clk_cpu ; 49.708 ; 0.000                         ;
+---------+--------+-------------------------------+


+----------------------------------------------------------------------------------------------------------------------------------------------------------------------------------------+
; Slow 1200mV 0C Model Setup: 'clk_cpu'                                                                                                                                                  ;
+--------+-------------------------------------------+-------------------------------------------------------------+--------------+-------------+--------------+------------+------------+
; Slack  ; From Node                                 ; To Node                                                     ; Launch Clock ; Latch Clock ; Relationship ; Clock Skew ; Data Delay ;
+--------+-------------------------------------------+-------------------------------------------------------------+--------------+-------------+--------------+------------+------------+
; 63.220 ; sc_cpu:cpu|sc_datapath:datapath|pc_reg[3] ; sc_cpu:cpu|sc_datapath:datapath|sc_regfile:regfile|regs~38  ; clk_cpu      ; clk_cpu     ; 100.000      ; -0.140     ; 36.639     ;
; 63.221 ; sc_cpu:cpu|sc_datapath:datapath|pc_reg[3] ; sc_cpu:cpu|sc_datapath:datapath|sc_regfile:regfile|regs~70  ; clk_cpu      ; clk_cpu     ; 100.000      ; -0.140     ; 36.638     ;
; 63.246 ; sc_cpu:cpu|sc_datapath:datapath|pc_reg[6] ; sc_cpu:cpu|sc_datapath:datapath|sc_regfile:regfile|regs~38  ; clk_cpu      ; clk_cpu     ; 100.000      ; -0.140     ; 36.613     ;
; 63.247 ; sc_cpu:cpu|sc_datapath:datapath|pc_reg[6] ; sc_cpu:cpu|sc_datapath:datapath|sc_regfile:regfile|regs~70  ; clk_cpu      ; clk_cpu     ; 100.000      ; -0.140     ; 36.612     ;
; 63.409 ; sc_cpu:cpu|sc_datapath:datapath|pc_reg[4] ; sc_cpu:cpu|sc_datapath:datapath|sc_regfile:regfile|regs~38  ; clk_cpu      ; clk_cpu     ; 100.000      ; -0.140     ; 36.450     ;
; 63.410 ; sc_cpu:cpu|sc_datapath:datapath|pc_reg[4] ; sc_cpu:cpu|sc_datapath:datapath|sc_regfile:regfile|regs~70  ; clk_cpu      ; clk_cpu     ; 100.000      ; -0.140     ; 36.449     ;
; 63.421 ; sc_cpu:cpu|sc_datapath:datapath|pc_reg[2] ; sc_cpu:cpu|sc_datapath:datapath|sc_regfile:regfile|regs~38  ; clk_cpu      ; clk_cpu     ; 100.000      ; -0.140     ; 36.438     ;
; 63.422 ; sc_cpu:cpu|sc_datapath:datapath|pc_reg[2] ; sc_cpu:cpu|sc_datapath:datapath|sc_regfile:regfile|regs~70  ; clk_cpu      ; clk_cpu     ; 100.000      ; -0.140     ; 36.437     ;
; 63.431 ; sc_cpu:cpu|sc_datapath:datapath|pc_reg[3] ; sc_cpu:cpu|sc_datapath:datapath|sc_regfile:regfile|regs~294 ; clk_cpu      ; clk_cpu     ; 100.000      ; -0.128     ; 36.440     ;
; 63.432 ; sc_cpu:cpu|sc_datapath:datapath|pc_reg[3] ; sc_cpu:cpu|sc_datapath:datapath|sc_regfile:regfile|regs~326 ; clk_cpu      ; clk_cpu     ; 100.000      ; -0.128     ; 36.439     ;
; 63.456 ; sc_cpu:cpu|sc_datapath:datapath|pc_reg[5] ; sc_cpu:cpu|sc_datapath:datapath|sc_regfile:regfile|regs~38  ; clk_cpu      ; clk_cpu     ; 100.000      ; -0.140     ; 36.403     ;
; 63.457 ; sc_cpu:cpu|sc_datapath:datapath|pc_reg[5] ; sc_cpu:cpu|sc_datapath:datapath|sc_regfile:regfile|regs~70  ; clk_cpu      ; clk_cpu     ; 100.000      ; -0.140     ; 36.402     ;
; 63.457 ; sc_cpu:cpu|sc_datapath:datapath|pc_reg[6] ; sc_cpu:cpu|sc_datapath:datapath|sc_regfile:regfile|regs~294 ; clk_cpu      ; clk_cpu     ; 100.000      ; -0.128     ; 36.414     ;
; 63.458 ; sc_cpu:cpu|sc_datapath:datapath|pc_reg[6] ; sc_cpu:cpu|sc_datapath:datapath|sc_regfile:regfile|regs~326 ; clk_cpu      ; clk_cpu     ; 100.000      ; -0.128     ; 36.413     ;
; 63.478 ; sc_cpu:cpu|sc_datapath:datapath|pc_reg[8] ; sc_cpu:cpu|sc_datapath:datapath|sc_regfile:regfile|regs~38  ; clk_cpu      ; clk_cpu     ; 100.000      ; -0.140     ; 36.381     ;
; 63.479 ; sc_cpu:cpu|sc_datapath:datapath|pc_reg[8] ; sc_cpu:cpu|sc_datapath:datapath|sc_regfile:regfile|regs~70  ; clk_cpu      ; clk_cpu     ; 100.000      ; -0.140     ; 36.380     ;
; 63.483 ; sc_cpu:cpu|sc_datapath:datapath|pc_reg[3] ; sc_cpu:cpu|sc_datapath:datapath|sc_regfile:regfile|regs~358 ; clk_cpu      ; clk_cpu     ; 100.000      ; -0.108     ; 36.408     ;
; 63.486 ; sc_cpu:cpu|sc_datapath:datapath|pc_reg[3] ; sc_cpu:cpu|sc_datapath:datapath|sc_regfile:regfile|regs~806 ; clk_cpu      ; clk_cpu     ; 100.000      ; -0.108     ; 36.405     ;
; 63.509 ; sc_cpu:cpu|sc_datapath:datapath|pc_reg[6] ; sc_cpu:cpu|sc_datapath:datapath|sc_regfile:regfile|regs~358 ; clk_cpu      ; clk_cpu     ; 100.000      ; -0.108     ; 36.382     ;
; 63.512 ; sc_cpu:cpu|sc_datapath:datapath|pc_reg[6] ; sc_cpu:cpu|sc_datapath:datapath|sc_regfile:regfile|regs~806 ; clk_cpu      ; clk_cpu     ; 100.000      ; -0.108     ; 36.379     ;
; 63.518 ; sc_cpu:cpu|sc_datapath:datapath|pc_reg[3] ; sc_cpu:cpu|sc_datapath:datapath|sc_regfile:regfile|regs~390 ; clk_cpu      ; clk_cpu     ; 100.000      ; -0.118     ; 36.363     ;
; 63.520 ; sc_cpu:cpu|sc_datapath:datapath|pc_reg[3] ; sc_cpu:cpu|sc_datapath:datapath|sc_regfile:regfile|regs~422 ; clk_cpu      ; clk_cpu     ; 100.000      ; -0.118     ; 36.361     ;
; 63.535 ; sc_cpu:cpu|sc_datapath:datapath|pc_reg[7] ; sc_cpu:cpu|sc_datapath:datapath|sc_regfile:regfile|regs~38  ; clk_cpu      ; clk_cpu     ; 100.000      ; -0.140     ; 36.324     ;
; 63.536 ; sc_cpu:cpu|sc_datapath:datapath|pc_reg[7] ; sc_cpu:cpu|sc_datapath:datapath|sc_regfile:regfile|regs~70  ; clk_cpu      ; clk_cpu     ; 100.000      ; -0.140     ; 36.323     ;
; 63.544 ; sc_cpu:cpu|sc_datapath:datapath|pc_reg[6] ; sc_cpu:cpu|sc_datapath:datapath|sc_regfile:regfile|regs~390 ; clk_cpu      ; clk_cpu     ; 100.000      ; -0.118     ; 36.337     ;
; 63.546 ; sc_cpu:cpu|sc_datapath:datapath|pc_reg[6] ; sc_cpu:cpu|sc_datapath:datapath|sc_regfile:regfile|regs~422 ; clk_cpu      ; clk_cpu     ; 100.000      ; -0.118     ; 36.335     ;
; 63.620 ; sc_cpu:cpu|sc_datapath:datapath|pc_reg[4] ; sc_cpu:cpu|sc_datapath:datapath|sc_regfile:regfile|regs~294 ; clk_cpu      ; clk_cpu     ; 100.000      ; -0.128     ; 36.251     ;
; 63.621 ; sc_cpu:cpu|sc_datapath:datapath|pc_reg[4] ; sc_cpu:cpu|sc_datapath:datapath|sc_regfile:regfile|regs~326 ; clk_cpu      ; clk_cpu     ; 100.000      ; -0.128     ; 36.250     ;
; 63.629 ; sc_cpu:cpu|sc_datapath:datapath|pc_reg[9] ; sc_cpu:cpu|sc_datapath:datapath|sc_regfile:regfile|regs~38  ; clk_cpu      ; clk_cpu     ; 100.000      ; -0.140     ; 36.230     ;
; 63.630 ; sc_cpu:cpu|sc_datapath:datapath|pc_reg[9] ; sc_cpu:cpu|sc_datapath:datapath|sc_regfile:regfile|regs~70  ; clk_cpu      ; clk_cpu     ; 100.000      ; -0.140     ; 36.229     ;
; 63.632 ; sc_cpu:cpu|sc_datapath:datapath|pc_reg[2] ; sc_cpu:cpu|sc_datapath:datapath|sc_regfile:regfile|regs~294 ; clk_cpu      ; clk_cpu     ; 100.000      ; -0.128     ; 36.239     ;
; 63.633 ; sc_cpu:cpu|sc_datapath:datapath|pc_reg[2] ; sc_cpu:cpu|sc_datapath:datapath|sc_regfile:regfile|regs~326 ; clk_cpu      ; clk_cpu     ; 100.000      ; -0.128     ; 36.238     ;
; 63.641 ; sc_cpu:cpu|sc_datapath:datapath|pc_reg[3] ; sc_cpu:cpu|sc_datapath:datapath|sc_regfile:regfile|regs~49  ; clk_cpu      ; clk_cpu     ; 100.000      ; -0.123     ; 36.235     ;
; 63.641 ; sc_cpu:cpu|sc_datapath:datapath|pc_reg[3] ; sc_cpu:cpu|sc_datapath:datapath|sc_regfile:regfile|regs~17  ; clk_cpu      ; clk_cpu     ; 100.000      ; -0.123     ; 36.235     ;
; 63.667 ; sc_cpu:cpu|sc_datapath:datapath|pc_reg[5] ; sc_cpu:cpu|sc_datapath:datapath|sc_regfile:regfile|regs~294 ; clk_cpu      ; clk_cpu     ; 100.000      ; -0.128     ; 36.204     ;
; 63.667 ; sc_cpu:cpu|sc_datapath:datapath|pc_reg[6] ; sc_cpu:cpu|sc_datapath:datapath|sc_regfile:regfile|regs~49  ; clk_cpu      ; clk_cpu     ; 100.000      ; -0.123     ; 36.209     ;
; 63.667 ; sc_cpu:cpu|sc_datapath:datapath|pc_reg[6] ; sc_cpu:cpu|sc_datapath:datapath|sc_regfile:regfile|regs~17  ; clk_cpu      ; clk_cpu     ; 100.000      ; -0.123     ; 36.209     ;
; 63.668 ; sc_cpu:cpu|sc_datapath:datapath|pc_reg[5] ; sc_cpu:cpu|sc_datapath:datapath|sc_regfile:regfile|regs~326 ; clk_cpu      ; clk_cpu     ; 100.000      ; -0.128     ; 36.203     ;
; 63.672 ; sc_cpu:cpu|sc_datapath:datapath|pc_reg[4] ; sc_cpu:cpu|sc_datapath:datapath|sc_regfile:regfile|regs~358 ; clk_cpu      ; clk_cpu     ; 100.000      ; -0.108     ; 36.219     ;
; 63.675 ; sc_cpu:cpu|sc_datapath:datapath|pc_reg[4] ; sc_cpu:cpu|sc_datapath:datapath|sc_regfile:regfile|regs~806 ; clk_cpu      ; clk_cpu     ; 100.000      ; -0.108     ; 36.216     ;
; 63.684 ; sc_cpu:cpu|sc_datapath:datapath|pc_reg[2] ; sc_cpu:cpu|sc_datapath:datapath|sc_regfile:regfile|regs~358 ; clk_cpu      ; clk_cpu     ; 100.000      ; -0.108     ; 36.207     ;
; 63.687 ; sc_cpu:cpu|sc_datapath:datapath|pc_reg[2] ; sc_cpu:cpu|sc_datapath:datapath|sc_regfile:regfile|regs~806 ; clk_cpu      ; clk_cpu     ; 100.000      ; -0.108     ; 36.204     ;
; 63.689 ; sc_cpu:cpu|sc_datapath:datapath|pc_reg[8] ; sc_cpu:cpu|sc_datapath:datapath|sc_regfile:regfile|regs~294 ; clk_cpu      ; clk_cpu     ; 100.000      ; -0.128     ; 36.182     ;
; 63.690 ; sc_cpu:cpu|sc_datapath:datapath|pc_reg[8] ; sc_cpu:cpu|sc_datapath:datapath|sc_regfile:regfile|regs~326 ; clk_cpu      ; clk_cpu     ; 100.000      ; -0.128     ; 36.181     ;
; 63.707 ; sc_cpu:cpu|sc_datapath:datapath|pc_reg[4] ; sc_cpu:cpu|sc_datapath:datapath|sc_regfile:regfile|regs~390 ; clk_cpu      ; clk_cpu     ; 100.000      ; -0.118     ; 36.174     ;
; 63.709 ; sc_cpu:cpu|sc_datapath:datapath|pc_reg[4] ; sc_cpu:cpu|sc_datapath:datapath|sc_regfile:regfile|regs~422 ; clk_cpu      ; clk_cpu     ; 100.000      ; -0.118     ; 36.172     ;
; 63.710 ; sc_cpu:cpu|sc_datapath:datapath|pc_reg[3] ; sc_cpu:cpu|sc_datapath:datapath|sc_regfile:regfile|regs~518 ; clk_cpu      ; clk_cpu     ; 100.000      ; -0.134     ; 36.155     ;
; 63.719 ; sc_cpu:cpu|sc_datapath:datapath|pc_reg[5] ; sc_cpu:cpu|sc_datapath:datapath|sc_regfile:regfile|regs~358 ; clk_cpu      ; clk_cpu     ; 100.000      ; -0.108     ; 36.172     ;
; 63.719 ; sc_cpu:cpu|sc_datapath:datapath|pc_reg[2] ; sc_cpu:cpu|sc_datapath:datapath|sc_regfile:regfile|regs~390 ; clk_cpu      ; clk_cpu     ; 100.000      ; -0.118     ; 36.162     ;
; 63.721 ; sc_cpu:cpu|sc_datapath:datapath|pc_reg[2] ; sc_cpu:cpu|sc_datapath:datapath|sc_regfile:regfile|regs~422 ; clk_cpu      ; clk_cpu     ; 100.000      ; -0.118     ; 36.160     ;
; 63.722 ; sc_cpu:cpu|sc_datapath:datapath|pc_reg[5] ; sc_cpu:cpu|sc_datapath:datapath|sc_regfile:regfile|regs~806 ; clk_cpu      ; clk_cpu     ; 100.000      ; -0.108     ; 36.169     ;
; 63.734 ; sc_cpu:cpu|sc_datapath:datapath|pc_reg[3] ; sc_cpu:cpu|sc_datapath:datapath|sc_regfile:regfile|regs~774 ; clk_cpu      ; clk_cpu     ; 100.000      ; -0.134     ; 36.131     ;
; 63.736 ; sc_cpu:cpu|sc_datapath:datapath|pc_reg[3] ; sc_cpu:cpu|sc_datapath:datapath|sc_regfile:regfile|regs~486 ; clk_cpu      ; clk_cpu     ; 100.000      ; -0.121     ; 36.142     ;
; 63.736 ; sc_cpu:cpu|sc_datapath:datapath|pc_reg[3] ; sc_cpu:cpu|sc_datapath:datapath|sc_regfile:regfile|regs~454 ; clk_cpu      ; clk_cpu     ; 100.000      ; -0.121     ; 36.142     ;
; 63.736 ; sc_cpu:cpu|sc_datapath:datapath|pc_reg[6] ; sc_cpu:cpu|sc_datapath:datapath|sc_regfile:regfile|regs~518 ; clk_cpu      ; clk_cpu     ; 100.000      ; -0.134     ; 36.129     ;
; 63.741 ; sc_cpu:cpu|sc_datapath:datapath|pc_reg[8] ; sc_cpu:cpu|sc_datapath:datapath|sc_regfile:regfile|regs~358 ; clk_cpu      ; clk_cpu     ; 100.000      ; -0.108     ; 36.150     ;
; 63.744 ; sc_cpu:cpu|sc_datapath:datapath|pc_reg[8] ; sc_cpu:cpu|sc_datapath:datapath|sc_regfile:regfile|regs~806 ; clk_cpu      ; clk_cpu     ; 100.000      ; -0.108     ; 36.147     ;
; 63.746 ; sc_cpu:cpu|sc_datapath:datapath|pc_reg[3] ; sc_cpu:cpu|sc_datapath:datapath|sc_regfile:regfile|regs~6   ; clk_cpu      ; clk_cpu     ; 100.000      ; -0.139     ; 36.114     ;
; 63.746 ; sc_cpu:cpu|sc_datapath:datapath|pc_reg[7] ; sc_cpu:cpu|sc_datapath:datapath|sc_regfile:regfile|regs~294 ; clk_cpu      ; clk_cpu     ; 100.000      ; -0.128     ; 36.125     ;
; 63.747 ; sc_cpu:cpu|sc_datapath:datapath|pc_reg[7] ; sc_cpu:cpu|sc_datapath:datapath|sc_regfile:regfile|regs~326 ; clk_cpu      ; clk_cpu     ; 100.000      ; -0.128     ; 36.124     ;
; 63.754 ; sc_cpu:cpu|sc_datapath:datapath|pc_reg[5] ; sc_cpu:cpu|sc_datapath:datapath|sc_regfile:regfile|regs~390 ; clk_cpu      ; clk_cpu     ; 100.000      ; -0.118     ; 36.127     ;
; 63.756 ; sc_cpu:cpu|sc_datapath:datapath|pc_reg[5] ; sc_cpu:cpu|sc_datapath:datapath|sc_regfile:regfile|regs~422 ; clk_cpu      ; clk_cpu     ; 100.000      ; -0.118     ; 36.125     ;
; 63.760 ; sc_cpu:cpu|sc_datapath:datapath|pc_reg[6] ; sc_cpu:cpu|sc_datapath:datapath|sc_regfile:regfile|regs~774 ; clk_cpu      ; clk_cpu     ; 100.000      ; -0.134     ; 36.105     ;
; 63.762 ; sc_cpu:cpu|sc_datapath:datapath|pc_reg[6] ; sc_cpu:cpu|sc_datapath:datapath|sc_regfile:regfile|regs~486 ; clk_cpu      ; clk_cpu     ; 100.000      ; -0.121     ; 36.116     ;
; 63.762 ; sc_cpu:cpu|sc_datapath:datapath|pc_reg[6] ; sc_cpu:cpu|sc_datapath:datapath|sc_regfile:regfile|regs~454 ; clk_cpu      ; clk_cpu     ; 100.000      ; -0.121     ; 36.116     ;
; 63.772 ; sc_cpu:cpu|sc_datapath:datapath|pc_reg[6] ; sc_cpu:cpu|sc_datapath:datapath|sc_regfile:regfile|regs~6   ; clk_cpu      ; clk_cpu     ; 100.000      ; -0.139     ; 36.088     ;
; 63.776 ; sc_cpu:cpu|sc_datapath:datapath|pc_reg[8] ; sc_cpu:cpu|sc_datapath:datapath|sc_regfile:regfile|regs~390 ; clk_cpu      ; clk_cpu     ; 100.000      ; -0.118     ; 36.105     ;
; 63.778 ; sc_cpu:cpu|sc_datapath:datapath|pc_reg[8] ; sc_cpu:cpu|sc_datapath:datapath|sc_regfile:regfile|regs~422 ; clk_cpu      ; clk_cpu     ; 100.000      ; -0.118     ; 36.103     ;
; 63.779 ; sc_cpu:cpu|sc_datapath:datapath|pc_reg[3] ; sc_cpu:cpu|sc_datapath:datapath|sc_regfile:regfile|regs~166 ; clk_cpu      ; clk_cpu     ; 100.000      ; -0.116     ; 36.104     ;
; 63.780 ; sc_cpu:cpu|sc_datapath:datapath|pc_reg[3] ; sc_cpu:cpu|sc_datapath:datapath|sc_regfile:regfile|regs~134 ; clk_cpu      ; clk_cpu     ; 100.000      ; -0.116     ; 36.103     ;
; 63.798 ; sc_cpu:cpu|sc_datapath:datapath|pc_reg[7] ; sc_cpu:cpu|sc_datapath:datapath|sc_regfile:regfile|regs~358 ; clk_cpu      ; clk_cpu     ; 100.000      ; -0.108     ; 36.093     ;
; 63.801 ; sc_cpu:cpu|sc_datapath:datapath|pc_reg[7] ; sc_cpu:cpu|sc_datapath:datapath|sc_regfile:regfile|regs~806 ; clk_cpu      ; clk_cpu     ; 100.000      ; -0.108     ; 36.090     ;
; 63.805 ; sc_cpu:cpu|sc_datapath:datapath|pc_reg[6] ; sc_cpu:cpu|sc_datapath:datapath|sc_regfile:regfile|regs~166 ; clk_cpu      ; clk_cpu     ; 100.000      ; -0.116     ; 36.078     ;
; 63.806 ; sc_cpu:cpu|sc_datapath:datapath|pc_reg[6] ; sc_cpu:cpu|sc_datapath:datapath|sc_regfile:regfile|regs~134 ; clk_cpu      ; clk_cpu     ; 100.000      ; -0.116     ; 36.077     ;
; 63.830 ; sc_cpu:cpu|sc_datapath:datapath|pc_reg[4] ; sc_cpu:cpu|sc_datapath:datapath|sc_regfile:regfile|regs~49  ; clk_cpu      ; clk_cpu     ; 100.000      ; -0.123     ; 36.046     ;
; 63.830 ; sc_cpu:cpu|sc_datapath:datapath|pc_reg[4] ; sc_cpu:cpu|sc_datapath:datapath|sc_regfile:regfile|regs~17  ; clk_cpu      ; clk_cpu     ; 100.000      ; -0.123     ; 36.046     ;
; 63.833 ; sc_cpu:cpu|sc_datapath:datapath|pc_reg[7] ; sc_cpu:cpu|sc_datapath:datapath|sc_regfile:regfile|regs~390 ; clk_cpu      ; clk_cpu     ; 100.000      ; -0.118     ; 36.048     ;
; 63.835 ; sc_cpu:cpu|sc_datapath:datapath|pc_reg[7] ; sc_cpu:cpu|sc_datapath:datapath|sc_regfile:regfile|regs~422 ; clk_cpu      ; clk_cpu     ; 100.000      ; -0.118     ; 36.046     ;
; 63.840 ; sc_cpu:cpu|sc_datapath:datapath|pc_reg[9] ; sc_cpu:cpu|sc_datapath:datapath|sc_regfile:regfile|regs~294 ; clk_cpu      ; clk_cpu     ; 100.000      ; -0.128     ; 36.031     ;
; 63.841 ; sc_cpu:cpu|sc_datapath:datapath|pc_reg[9] ; sc_cpu:cpu|sc_datapath:datapath|sc_regfile:regfile|regs~326 ; clk_cpu      ; clk_cpu     ; 100.000      ; -0.128     ; 36.030     ;
; 63.842 ; sc_cpu:cpu|sc_datapath:datapath|pc_reg[2] ; sc_cpu:cpu|sc_datapath:datapath|sc_regfile:regfile|regs~49  ; clk_cpu      ; clk_cpu     ; 100.000      ; -0.123     ; 36.034     ;
; 63.842 ; sc_cpu:cpu|sc_datapath:datapath|pc_reg[2] ; sc_cpu:cpu|sc_datapath:datapath|sc_regfile:regfile|regs~17  ; clk_cpu      ; clk_cpu     ; 100.000      ; -0.123     ; 36.034     ;
; 63.877 ; sc_cpu:cpu|sc_datapath:datapath|pc_reg[5] ; sc_cpu:cpu|sc_datapath:datapath|sc_regfile:regfile|regs~49  ; clk_cpu      ; clk_cpu     ; 100.000      ; -0.123     ; 35.999     ;
; 63.877 ; sc_cpu:cpu|sc_datapath:datapath|pc_reg[5] ; sc_cpu:cpu|sc_datapath:datapath|sc_regfile:regfile|regs~17  ; clk_cpu      ; clk_cpu     ; 100.000      ; -0.123     ; 35.999     ;
; 63.892 ; sc_cpu:cpu|sc_datapath:datapath|pc_reg[9] ; sc_cpu:cpu|sc_datapath:datapath|sc_regfile:regfile|regs~358 ; clk_cpu      ; clk_cpu     ; 100.000      ; -0.108     ; 35.999     ;
; 63.895 ; sc_cpu:cpu|sc_datapath:datapath|pc_reg[9] ; sc_cpu:cpu|sc_datapath:datapath|sc_regfile:regfile|regs~806 ; clk_cpu      ; clk_cpu     ; 100.000      ; -0.108     ; 35.996     ;
; 63.899 ; sc_cpu:cpu|sc_datapath:datapath|pc_reg[8] ; sc_cpu:cpu|sc_datapath:datapath|sc_regfile:regfile|regs~49  ; clk_cpu      ; clk_cpu     ; 100.000      ; -0.123     ; 35.977     ;
; 63.899 ; sc_cpu:cpu|sc_datapath:datapath|pc_reg[8] ; sc_cpu:cpu|sc_datapath:datapath|sc_regfile:regfile|regs~17  ; clk_cpu      ; clk_cpu     ; 100.000      ; -0.123     ; 35.977     ;
; 63.899 ; sc_cpu:cpu|sc_datapath:datapath|pc_reg[4] ; sc_cpu:cpu|sc_datapath:datapath|sc_regfile:regfile|regs~518 ; clk_cpu      ; clk_cpu     ; 100.000      ; -0.134     ; 35.966     ;
; 63.911 ; sc_cpu:cpu|sc_datapath:datapath|pc_reg[2] ; sc_cpu:cpu|sc_datapath:datapath|sc_regfile:regfile|regs~518 ; clk_cpu      ; clk_cpu     ; 100.000      ; -0.134     ; 35.954     ;
; 63.923 ; sc_cpu:cpu|sc_datapath:datapath|pc_reg[4] ; sc_cpu:cpu|sc_datapath:datapath|sc_regfile:regfile|regs~774 ; clk_cpu      ; clk_cpu     ; 100.000      ; -0.134     ; 35.942     ;
; 63.925 ; sc_cpu:cpu|sc_datapath:datapath|pc_reg[4] ; sc_cpu:cpu|sc_datapath:datapath|sc_regfile:regfile|regs~486 ; clk_cpu      ; clk_cpu     ; 100.000      ; -0.121     ; 35.953     ;
; 63.925 ; sc_cpu:cpu|sc_datapath:datapath|pc_reg[4] ; sc_cpu:cpu|sc_datapath:datapath|sc_regfile:regfile|regs~454 ; clk_cpu      ; clk_cpu     ; 100.000      ; -0.121     ; 35.953     ;
; 63.927 ; sc_cpu:cpu|sc_datapath:datapath|pc_reg[9] ; sc_cpu:cpu|sc_datapath:datapath|sc_regfile:regfile|regs~390 ; clk_cpu      ; clk_cpu     ; 100.000      ; -0.118     ; 35.954     ;
; 63.929 ; sc_cpu:cpu|sc_datapath:datapath|pc_reg[9] ; sc_cpu:cpu|sc_datapath:datapath|sc_regfile:regfile|regs~422 ; clk_cpu      ; clk_cpu     ; 100.000      ; -0.118     ; 35.952     ;
; 63.935 ; sc_cpu:cpu|sc_datapath:datapath|pc_reg[4] ; sc_cpu:cpu|sc_datapath:datapath|sc_regfile:regfile|regs~6   ; clk_cpu      ; clk_cpu     ; 100.000      ; -0.139     ; 35.925     ;
; 63.935 ; sc_cpu:cpu|sc_datapath:datapath|pc_reg[2] ; sc_cpu:cpu|sc_datapath:datapath|sc_regfile:regfile|regs~774 ; clk_cpu      ; clk_cpu     ; 100.000      ; -0.134     ; 35.930     ;
; 63.937 ; sc_cpu:cpu|sc_datapath:datapath|pc_reg[2] ; sc_cpu:cpu|sc_datapath:datapath|sc_regfile:regfile|regs~486 ; clk_cpu      ; clk_cpu     ; 100.000      ; -0.121     ; 35.941     ;
; 63.937 ; sc_cpu:cpu|sc_datapath:datapath|pc_reg[2] ; sc_cpu:cpu|sc_datapath:datapath|sc_regfile:regfile|regs~454 ; clk_cpu      ; clk_cpu     ; 100.000      ; -0.121     ; 35.941     ;
; 63.946 ; sc_cpu:cpu|sc_datapath:datapath|pc_reg[5] ; sc_cpu:cpu|sc_datapath:datapath|sc_regfile:regfile|regs~518 ; clk_cpu      ; clk_cpu     ; 100.000      ; -0.134     ; 35.919     ;
+--------+-------------------------------------------+-------------------------------------------------------------+--------------+-------------+--------------+------------+------------+


+--------------------------------------------------------------------------------------------------------------------------------------------------------------------------------------------------------------------------------------------------+
; Slow 1200mV 0C Model Hold: 'clk_cpu'                                                                                                                                                                                                             ;
+-------+----------------------------------------------------------------------------------+---------------------------------------------------------------------------------+--------------+-------------+--------------+------------+------------+
; Slack ; From Node                                                                        ; To Node                                                                         ; Launch Clock ; Latch Clock ; Relationship ; Clock Skew ; Data Delay ;
+-------+----------------------------------------------------------------------------------+---------------------------------------------------------------------------------+--------------+-------------+--------------+------------+------------+
; 0.355 ; sc_cpu:cpu|sc_datapath:datapath|sc_mmio:mmio|sc_uart:uart_inst|tx_sr[7]          ; sc_cpu:cpu|sc_datapath:datapath|sc_mmio:mmio|sc_uart:uart_inst|tx_sr[7]         ; clk_cpu      ; clk_cpu     ; 0.000        ; 0.071      ; 0.597      ;
; 0.355 ; sc_cpu:cpu|sc_datapath:datapath|sc_mmio:mmio|rx_ready                            ; sc_cpu:cpu|sc_datapath:datapath|sc_mmio:mmio|rx_ready                           ; clk_cpu      ; clk_cpu     ; 0.000        ; 0.071      ; 0.597      ;
; 0.355 ; sc_cpu:cpu|sc_datapath:datapath|sc_mmio:mmio|tx_byte_idx[0]                      ; sc_cpu:cpu|sc_datapath:datapath|sc_mmio:mmio|tx_byte_idx[0]                     ; clk_cpu      ; clk_cpu     ; 0.000        ; 0.071      ; 0.597      ;
; 0.355 ; sc_cpu:cpu|sc_datapath:datapath|sc_mmio:mmio|tx_byte_idx[1]                      ; sc_cpu:cpu|sc_datapath:datapath|sc_mmio:mmio|tx_byte_idx[1]                     ; clk_cpu      ; clk_cpu     ; 0.000        ; 0.071      ; 0.597      ;
; 0.355 ; sc_cpu:cpu|sc_datapath:datapath|sc_mmio:mmio|sc_uart:uart_inst|tx_state.TX_IDLE  ; sc_cpu:cpu|sc_datapath:datapath|sc_mmio:mmio|sc_uart:uart_inst|tx_state.TX_IDLE ; clk_cpu      ; clk_cpu     ; 0.000        ; 0.071      ; 0.597      ;
; 0.355 ; sc_cpu:cpu|sc_datapath:datapath|sc_mmio:mmio|sc_uart:uart_inst|tx_bit_idx[1]     ; sc_cpu:cpu|sc_datapath:datapath|sc_mmio:mmio|sc_uart:uart_inst|tx_bit_idx[1]    ; clk_cpu      ; clk_cpu     ; 0.000        ; 0.071      ; 0.597      ;
; 0.355 ; sc_cpu:cpu|sc_datapath:datapath|sc_mmio:mmio|sc_uart:uart_inst|tx_bit_idx[2]     ; sc_cpu:cpu|sc_datapath:datapath|sc_mmio:mmio|sc_uart:uart_inst|tx_bit_idx[2]    ; clk_cpu      ; clk_cpu     ; 0.000        ; 0.071      ; 0.597      ;
; 0.355 ; sc_cpu:cpu|sc_datapath:datapath|sc_mmio:mmio|sc_uart:uart_inst|tx_state.TX_STOP  ; sc_cpu:cpu|sc_datapath:datapath|sc_mmio:mmio|sc_uart:uart_inst|tx_state.TX_STOP ; clk_cpu      ; clk_cpu     ; 0.000        ; 0.071      ; 0.597      ;
; 0.355 ; sc_cpu:cpu|sc_datapath:datapath|sc_mmio:mmio|sc_uart:uart_inst|rx_state.RX_STOP  ; sc_cpu:cpu|sc_datapath:datapath|sc_mmio:mmio|sc_uart:uart_inst|rx_state.RX_STOP ; clk_cpu      ; clk_cpu     ; 0.000        ; 0.071      ; 0.597      ;
; 0.355 ; sc_cpu:cpu|sc_datapath:datapath|sc_mmio:mmio|sc_uart:uart_inst|rx_state.RX_IDLE  ; sc_cpu:cpu|sc_datapath:datapath|sc_mmio:mmio|sc_uart:uart_inst|rx_state.RX_IDLE ; clk_cpu      ; clk_cpu     ; 0.000        ; 0.071      ; 0.597      ;
; 0.355 ; sc_cpu:cpu|sc_datapath:datapath|sc_mmio:mmio|sc_uart:uart_inst|rx_bit_idx[2]     ; sc_cpu:cpu|sc_datapath:datapath|sc_mmio:mmio|sc_uart:uart_inst|rx_bit_idx[2]    ; clk_cpu      ; clk_cpu     ; 0.000        ; 0.071      ; 0.597      ;
; 0.355 ; sc_cpu:cpu|sc_datapath:datapath|sc_mmio:mmio|sc_uart:uart_inst|rx_bit_idx[1]     ; sc_cpu:cpu|sc_datapath:datapath|sc_mmio:mmio|sc_uart:uart_inst|rx_bit_idx[1]    ; clk_cpu      ; clk_cpu     ; 0.000        ; 0.071      ; 0.597      ;
; 0.356 ; sc_cpu:cpu|sc_datapath:datapath|sc_mmio:mmio|sc_uart:uart_inst|tx_busy           ; sc_cpu:cpu|sc_datapath:datapath|sc_mmio:mmio|sc_uart:uart_inst|tx_busy          ; clk_cpu      ; clk_cpu     ; 0.000        ; 0.070      ; 0.597      ;
; 0.366 ; sc_cpu:cpu|sc_datapath:datapath|sc_mmio:mmio|sc_uart:uart_inst|tx_bit_idx[0]     ; sc_cpu:cpu|sc_datapath:datapath|sc_mmio:mmio|sc_uart:uart_inst|tx_bit_idx[0]    ; clk_cpu      ; clk_cpu     ; 0.000        ; 0.071      ; 0.608      ;
; 0.366 ; sc_cpu:cpu|sc_datapath:datapath|sc_mmio:mmio|sc_uart:uart_inst|rx_bit_idx[0]     ; sc_cpu:cpu|sc_datapath:datapath|sc_mmio:mmio|sc_uart:uart_inst|rx_bit_idx[0]    ; clk_cpu      ; clk_cpu     ; 0.000        ; 0.071      ; 0.608      ;
; 0.366 ; sc_cpu:cpu|sc_datapath:datapath|sc_mmio:mmio|cycle_count[0]                      ; sc_cpu:cpu|sc_datapath:datapath|sc_mmio:mmio|cycle_count[0]                     ; clk_cpu      ; clk_cpu     ; 0.000        ; 0.071      ; 0.608      ;
; 0.392 ; sc_cpu:cpu|sc_datapath:datapath|sc_mmio:mmio|sc_uart:uart_inst|tx_bit_idx[0]     ; sc_cpu:cpu|sc_datapath:datapath|sc_mmio:mmio|sc_uart:uart_inst|tx_bit_idx[1]    ; clk_cpu      ; clk_cpu     ; 0.000        ; 0.071      ; 0.634      ;
; 0.395 ; sc_cpu:cpu|sc_datapath:datapath|sc_mmio:mmio|sc_uart:uart_inst|tx_bit_idx[0]     ; sc_cpu:cpu|sc_datapath:datapath|sc_mmio:mmio|sc_uart:uart_inst|tx_bit_idx[2]    ; clk_cpu      ; clk_cpu     ; 0.000        ; 0.071      ; 0.637      ;
; 0.399 ; sc_cpu:cpu|sc_datapath:datapath|pc_reg[31]                                       ; sc_cpu:cpu|sc_datapath:datapath|pc_reg[31]                                      ; clk_cpu      ; clk_cpu     ; 0.000        ; 0.072      ; 0.642      ;
; 0.411 ; sc_cpu:cpu|sc_datapath:datapath|sc_mmio:mmio|sc_uart:uart_inst|tx_state.TX_STOP  ; sc_cpu:cpu|sc_datapath:datapath|sc_mmio:mmio|sc_uart:uart_inst|tx_state.TX_IDLE ; clk_cpu      ; clk_cpu     ; 0.000        ; 0.071      ; 0.653      ;
; 0.416 ; sc_cpu:cpu|sc_datapath:datapath|sc_mmio:mmio|sc_uart:uart_inst|rx_sr[3]          ; sc_cpu:cpu|sc_datapath:datapath|sc_mmio:mmio|sc_uart:uart_inst|rx_sr[2]         ; clk_cpu      ; clk_cpu     ; 0.000        ; 0.071      ; 0.658      ;
; 0.416 ; sc_cpu:cpu|sc_datapath:datapath|sc_mmio:mmio|sc_uart:uart_inst|rx_state.RX_STOP  ; sc_cpu:cpu|sc_datapath:datapath|sc_mmio:mmio|sc_uart:uart_inst|rx_valid         ; clk_cpu      ; clk_cpu     ; 0.000        ; 0.071      ; 0.658      ;
; 0.417 ; sc_cpu:cpu|sc_datapath:datapath|sc_mmio:mmio|sc_uart:uart_inst|rx_sr[5]          ; sc_cpu:cpu|sc_datapath:datapath|sc_mmio:mmio|sc_uart:uart_inst|rx_sr[4]         ; clk_cpu      ; clk_cpu     ; 0.000        ; 0.071      ; 0.659      ;
; 0.417 ; sc_cpu:cpu|sc_datapath:datapath|sc_mmio:mmio|sc_uart:uart_inst|rx_sr[7]          ; sc_cpu:cpu|sc_datapath:datapath|sc_mmio:mmio|sc_uart:uart_inst|rx_sr[6]         ; clk_cpu      ; clk_cpu     ; 0.000        ; 0.071      ; 0.659      ;
; 0.419 ; sc_cpu:cpu|sc_datapath:datapath|sc_mmio:mmio|sc_uart:uart_inst|rx_sr[4]          ; sc_cpu:cpu|sc_datapath:datapath|sc_mmio:mmio|sc_uart:uart_inst|rx_sr[3]         ; clk_cpu      ; clk_cpu     ; 0.000        ; 0.071      ; 0.661      ;
; 0.425 ; sc_cpu:cpu|sc_datapath:datapath|sc_mmio:mmio|sc_uart:uart_inst|rx_state.RX_START ; sc_cpu:cpu|sc_datapath:datapath|sc_mmio:mmio|sc_uart:uart_inst|rx_state.RX_DATA ; clk_cpu      ; clk_cpu     ; 0.000        ; 0.071      ; 0.667      ;
; 0.429 ; sc_cpu:cpu|sc_datapath:datapath|sc_mmio:mmio|tx_word_busy                        ; sc_cpu:cpu|sc_datapath:datapath|sc_mmio:mmio|sc_uart:uart_inst|tx_busy          ; clk_cpu      ; clk_cpu     ; 0.000        ; 0.070      ; 0.670      ;
; 0.513 ; sc_cpu:cpu|sc_datapath:datapath|sc_mmio:mmio|sc_uart:uart_inst|rxd_q             ; sc_cpu:cpu|sc_datapath:datapath|sc_mmio:mmio|sc_uart:uart_inst|rx_valid         ; clk_cpu      ; clk_cpu     ; 0.000        ; 0.071      ; 0.755      ;
; 0.549 ; sc_cpu:cpu|sc_datapath:datapath|sc_mmio:mmio|sc_uart:uart_inst|tx_sr[1]          ; sc_cpu:cpu|sc_datapath:datapath|sc_mmio:mmio|sc_uart:uart_inst|tx_sr[0]         ; clk_cpu      ; clk_cpu     ; 0.000        ; 0.071      ; 0.791      ;
; 0.550 ; sc_cpu:cpu|sc_datapath:datapath|sc_mmio:mmio|sc_uart:uart_inst|tx_sr[0]          ; sc_cpu:cpu|sc_datapath:datapath|sc_mmio:mmio|sc_uart:uart_inst|TXD              ; clk_cpu      ; clk_cpu     ; 0.000        ; 0.070      ; 0.791      ;
; 0.550 ; sc_cpu:cpu|sc_datapath:datapath|sc_mmio:mmio|sc_uart:uart_inst|tx_sr[2]          ; sc_cpu:cpu|sc_datapath:datapath|sc_mmio:mmio|sc_uart:uart_inst|tx_sr[1]         ; clk_cpu      ; clk_cpu     ; 0.000        ; 0.071      ; 0.792      ;
; 0.550 ; sc_cpu:cpu|sc_datapath:datapath|sc_mmio:mmio|sc_uart:uart_inst|tx_sr[3]          ; sc_cpu:cpu|sc_datapath:datapath|sc_mmio:mmio|sc_uart:uart_inst|tx_sr[2]         ; clk_cpu      ; clk_cpu     ; 0.000        ; 0.071      ; 0.792      ;
; 0.551 ; sc_cpu:cpu|sc_datapath:datapath|sc_mmio:mmio|sc_uart:uart_inst|tx_sr[4]          ; sc_cpu:cpu|sc_datapath:datapath|sc_mmio:mmio|sc_uart:uart_inst|tx_sr[3]         ; clk_cpu      ; clk_cpu     ; 0.000        ; 0.071      ; 0.793      ;
; 0.551 ; sc_cpu:cpu|sc_datapath:datapath|sc_mmio:mmio|sc_uart:uart_inst|tx_sr[5]          ; sc_cpu:cpu|sc_datapath:datapath|sc_mmio:mmio|sc_uart:uart_inst|tx_sr[4]         ; clk_cpu      ; clk_cpu     ; 0.000        ; 0.071      ; 0.793      ;
; 0.552 ; sc_cpu:cpu|sc_datapath:datapath|sc_mmio:mmio|sc_uart:uart_inst|tx_sr[6]          ; sc_cpu:cpu|sc_datapath:datapath|sc_mmio:mmio|sc_uart:uart_inst|tx_sr[5]         ; clk_cpu      ; clk_cpu     ; 0.000        ; 0.071      ; 0.794      ;
; 0.554 ; sc_cpu:cpu|sc_datapath:datapath|sc_mmio:mmio|sc_uart:uart_inst|rx_sr[2]          ; sc_cpu:cpu|sc_datapath:datapath|sc_mmio:mmio|sc_uart:uart_inst|rx_data[2]       ; clk_cpu      ; clk_cpu     ; 0.000        ; 0.071      ; 0.796      ;
; 0.557 ; sc_cpu:cpu|sc_datapath:datapath|sc_mmio:mmio|sc_uart:uart_inst|rx_sr[2]          ; sc_cpu:cpu|sc_datapath:datapath|sc_mmio:mmio|sc_uart:uart_inst|rx_sr[1]         ; clk_cpu      ; clk_cpu     ; 0.000        ; 0.071      ; 0.799      ;
; 0.568 ; sc_cpu:cpu|sc_datapath:datapath|sc_mmio:mmio|sc_uart:uart_inst|tx_state.TX_DATA  ; sc_cpu:cpu|sc_datapath:datapath|sc_mmio:mmio|sc_uart:uart_inst|TXD              ; clk_cpu      ; clk_cpu     ; 0.000        ; 0.071      ; 0.810      ;
; 0.570 ; sc_cpu:cpu|sc_datapath:datapath|sc_mmio:mmio|sc_uart:uart_inst|rx_sr[1]          ; sc_cpu:cpu|sc_datapath:datapath|sc_mmio:mmio|sc_uart:uart_inst|rx_sr[0]         ; clk_cpu      ; clk_cpu     ; 0.000        ; 0.071      ; 0.812      ;
; 0.570 ; sc_cpu:cpu|sc_datapath:datapath|sc_mmio:mmio|sc_uart:uart_inst|rx_sr[6]          ; sc_cpu:cpu|sc_datapath:datapath|sc_mmio:mmio|sc_uart:uart_inst|rx_sr[5]         ; clk_cpu      ; clk_cpu     ; 0.000        ; 0.071      ; 0.812      ;
; 0.599 ; sc_cpu:cpu|sc_datapath:datapath|pc_reg[16]                                       ; sc_cpu:cpu|sc_datapath:datapath|pc_reg[16]                                      ; clk_cpu      ; clk_cpu     ; 0.000        ; 0.072      ; 0.842      ;
; 0.599 ; sc_cpu:cpu|sc_datapath:datapath|pc_reg[14]                                       ; sc_cpu:cpu|sc_datapath:datapath|pc_reg[14]                                      ; clk_cpu      ; clk_cpu     ; 0.000        ; 0.072      ; 0.842      ;
; 0.599 ; sc_cpu:cpu|sc_datapath:datapath|pc_reg[7]                                        ; sc_cpu:cpu|sc_datapath:datapath|pc_reg[7]                                       ; clk_cpu      ; clk_cpu     ; 0.000        ; 0.072      ; 0.842      ;
; 0.600 ; sc_cpu:cpu|sc_datapath:datapath|pc_reg[23]                                       ; sc_cpu:cpu|sc_datapath:datapath|pc_reg[23]                                      ; clk_cpu      ; clk_cpu     ; 0.000        ; 0.072      ; 0.843      ;
; 0.600 ; sc_cpu:cpu|sc_datapath:datapath|pc_reg[20]                                       ; sc_cpu:cpu|sc_datapath:datapath|pc_reg[20]                                      ; clk_cpu      ; clk_cpu     ; 0.000        ; 0.072      ; 0.843      ;
; 0.600 ; sc_cpu:cpu|sc_datapath:datapath|sc_mmio:mmio|cycle_count[15]                     ; sc_cpu:cpu|sc_datapath:datapath|sc_mmio:mmio|cycle_count[15]                    ; clk_cpu      ; clk_cpu     ; 0.000        ; 0.071      ; 0.842      ;
; 0.600 ; sc_cpu:cpu|sc_datapath:datapath|sc_mmio:mmio|cycle_count[13]                     ; sc_cpu:cpu|sc_datapath:datapath|sc_mmio:mmio|cycle_count[13]                    ; clk_cpu      ; clk_cpu     ; 0.000        ; 0.071      ; 0.842      ;
; 0.600 ; sc_cpu:cpu|sc_datapath:datapath|sc_mmio:mmio|cycle_count[6]                      ; sc_cpu:cpu|sc_datapath:datapath|sc_mmio:mmio|cycle_count[6]                     ; clk_cpu      ; clk_cpu     ; 0.000        ; 0.071      ; 0.842      ;
; 0.600 ; sc_cpu:cpu|sc_datapath:datapath|sc_mmio:mmio|cycle_count[3]                      ; sc_cpu:cpu|sc_datapath:datapath|sc_mmio:mmio|cycle_count[3]                     ; clk_cpu      ; clk_cpu     ; 0.000        ; 0.071      ; 0.842      ;
; 0.600 ; sc_cpu:cpu|sc_datapath:datapath|sc_mmio:mmio|sc_uart:uart_inst|rx_bit_idx[0]     ; sc_cpu:cpu|sc_datapath:datapath|sc_mmio:mmio|sc_uart:uart_inst|rx_bit_idx[2]    ; clk_cpu      ; clk_cpu     ; 0.000        ; 0.071      ; 0.842      ;
; 0.600 ; sc_cpu:cpu|sc_datapath:datapath|sc_mmio:mmio|sc_uart:uart_inst|rx_bit_idx[0]     ; sc_cpu:cpu|sc_datapath:datapath|sc_mmio:mmio|sc_uart:uart_inst|rx_bit_idx[1]    ; clk_cpu      ; clk_cpu     ; 0.000        ; 0.071      ; 0.842      ;
; 0.601 ; sc_cpu:cpu|sc_datapath:datapath|pc_reg[30]                                       ; sc_cpu:cpu|sc_datapath:datapath|pc_reg[30]                                      ; clk_cpu      ; clk_cpu     ; 0.000        ; 0.072      ; 0.844      ;
; 0.601 ; sc_cpu:cpu|sc_datapath:datapath|pc_reg[28]                                       ; sc_cpu:cpu|sc_datapath:datapath|pc_reg[28]                                      ; clk_cpu      ; clk_cpu     ; 0.000        ; 0.072      ; 0.844      ;
; 0.601 ; sc_cpu:cpu|sc_datapath:datapath|pc_reg[17]                                       ; sc_cpu:cpu|sc_datapath:datapath|pc_reg[17]                                      ; clk_cpu      ; clk_cpu     ; 0.000        ; 0.072      ; 0.844      ;
; 0.601 ; sc_cpu:cpu|sc_datapath:datapath|pc_reg[15]                                       ; sc_cpu:cpu|sc_datapath:datapath|pc_reg[15]                                      ; clk_cpu      ; clk_cpu     ; 0.000        ; 0.072      ; 0.844      ;
; 0.601 ; sc_cpu:cpu|sc_datapath:datapath|sc_mmio:mmio|cycle_count[29]                     ; sc_cpu:cpu|sc_datapath:datapath|sc_mmio:mmio|cycle_count[29]                    ; clk_cpu      ; clk_cpu     ; 0.000        ; 0.071      ; 0.843      ;
; 0.601 ; sc_cpu:cpu|sc_datapath:datapath|sc_mmio:mmio|cycle_count[22]                     ; sc_cpu:cpu|sc_datapath:datapath|sc_mmio:mmio|cycle_count[22]                    ; clk_cpu      ; clk_cpu     ; 0.000        ; 0.071      ; 0.843      ;
; 0.601 ; sc_cpu:cpu|sc_datapath:datapath|sc_mmio:mmio|cycle_count[21]                     ; sc_cpu:cpu|sc_datapath:datapath|sc_mmio:mmio|cycle_count[21]                    ; clk_cpu      ; clk_cpu     ; 0.000        ; 0.071      ; 0.843      ;
; 0.601 ; sc_cpu:cpu|sc_datapath:datapath|sc_mmio:mmio|cycle_count[19]                     ; sc_cpu:cpu|sc_datapath:datapath|sc_mmio:mmio|cycle_count[19]                    ; clk_cpu      ; clk_cpu     ; 0.000        ; 0.071      ; 0.843      ;
; 0.601 ; sc_cpu:cpu|sc_datapath:datapath|sc_mmio:mmio|cycle_count[11]                     ; sc_cpu:cpu|sc_datapath:datapath|sc_mmio:mmio|cycle_count[11]                    ; clk_cpu      ; clk_cpu     ; 0.000        ; 0.071      ; 0.843      ;
; 0.601 ; sc_cpu:cpu|sc_datapath:datapath|sc_mmio:mmio|sc_uart:uart_inst|tx_cnt[3]         ; sc_cpu:cpu|sc_datapath:datapath|sc_mmio:mmio|sc_uart:uart_inst|tx_cnt[3]        ; clk_cpu      ; clk_cpu     ; 0.000        ; 0.070      ; 0.842      ;
; 0.601 ; sc_cpu:cpu|sc_datapath:datapath|sc_mmio:mmio|sc_uart:uart_inst|tx_cnt[5]         ; sc_cpu:cpu|sc_datapath:datapath|sc_mmio:mmio|sc_uart:uart_inst|tx_cnt[5]        ; clk_cpu      ; clk_cpu     ; 0.000        ; 0.070      ; 0.842      ;
; 0.601 ; sc_cpu:cpu|sc_datapath:datapath|sc_mmio:mmio|sc_uart:uart_inst|tx_cnt[13]        ; sc_cpu:cpu|sc_datapath:datapath|sc_mmio:mmio|sc_uart:uart_inst|tx_cnt[13]       ; clk_cpu      ; clk_cpu     ; 0.000        ; 0.070      ; 0.842      ;
; 0.601 ; sc_cpu:cpu|sc_datapath:datapath|sc_mmio:mmio|sc_uart:uart_inst|rx_cnt[3]         ; sc_cpu:cpu|sc_datapath:datapath|sc_mmio:mmio|sc_uart:uart_inst|rx_cnt[3]        ; clk_cpu      ; clk_cpu     ; 0.000        ; 0.070      ; 0.842      ;
; 0.601 ; sc_cpu:cpu|sc_datapath:datapath|sc_mmio:mmio|sc_uart:uart_inst|rx_cnt[5]         ; sc_cpu:cpu|sc_datapath:datapath|sc_mmio:mmio|sc_uart:uart_inst|rx_cnt[5]        ; clk_cpu      ; clk_cpu     ; 0.000        ; 0.070      ; 0.842      ;
; 0.601 ; sc_cpu:cpu|sc_datapath:datapath|sc_mmio:mmio|sc_uart:uart_inst|rx_cnt[13]        ; sc_cpu:cpu|sc_datapath:datapath|sc_mmio:mmio|sc_uart:uart_inst|rx_cnt[13]       ; clk_cpu      ; clk_cpu     ; 0.000        ; 0.070      ; 0.842      ;
; 0.601 ; sc_cpu:cpu|sc_datapath:datapath|sc_mmio:mmio|cycle_count[5]                      ; sc_cpu:cpu|sc_datapath:datapath|sc_mmio:mmio|cycle_count[5]                     ; clk_cpu      ; clk_cpu     ; 0.000        ; 0.071      ; 0.843      ;
; 0.602 ; sc_cpu:cpu|sc_datapath:datapath|pc_reg[19]                                       ; sc_cpu:cpu|sc_datapath:datapath|pc_reg[19]                                      ; clk_cpu      ; clk_cpu     ; 0.000        ; 0.072      ; 0.845      ;
; 0.602 ; sc_cpu:cpu|sc_datapath:datapath|pc_reg[13]                                       ; sc_cpu:cpu|sc_datapath:datapath|pc_reg[13]                                      ; clk_cpu      ; clk_cpu     ; 0.000        ; 0.072      ; 0.845      ;
; 0.602 ; sc_cpu:cpu|sc_datapath:datapath|pc_reg[11]                                       ; sc_cpu:cpu|sc_datapath:datapath|pc_reg[11]                                      ; clk_cpu      ; clk_cpu     ; 0.000        ; 0.072      ; 0.845      ;
; 0.602 ; sc_cpu:cpu|sc_datapath:datapath|pc_reg[5]                                        ; sc_cpu:cpu|sc_datapath:datapath|pc_reg[5]                                       ; clk_cpu      ; clk_cpu     ; 0.000        ; 0.072      ; 0.845      ;
; 0.602 ; sc_cpu:cpu|sc_datapath:datapath|pc_reg[9]                                        ; sc_cpu:cpu|sc_datapath:datapath|pc_reg[9]                                       ; clk_cpu      ; clk_cpu     ; 0.000        ; 0.072      ; 0.845      ;
; 0.602 ; sc_cpu:cpu|sc_datapath:datapath|sc_mmio:mmio|cycle_count[31]                     ; sc_cpu:cpu|sc_datapath:datapath|sc_mmio:mmio|cycle_count[31]                    ; clk_cpu      ; clk_cpu     ; 0.000        ; 0.071      ; 0.844      ;
; 0.602 ; sc_cpu:cpu|sc_datapath:datapath|sc_mmio:mmio|cycle_count[27]                     ; sc_cpu:cpu|sc_datapath:datapath|sc_mmio:mmio|cycle_count[27]                    ; clk_cpu      ; clk_cpu     ; 0.000        ; 0.071      ; 0.844      ;
; 0.602 ; sc_cpu:cpu|sc_datapath:datapath|sc_mmio:mmio|cycle_count[16]                     ; sc_cpu:cpu|sc_datapath:datapath|sc_mmio:mmio|cycle_count[16]                    ; clk_cpu      ; clk_cpu     ; 0.000        ; 0.071      ; 0.844      ;
; 0.602 ; sc_cpu:cpu|sc_datapath:datapath|sc_mmio:mmio|cycle_count[14]                     ; sc_cpu:cpu|sc_datapath:datapath|sc_mmio:mmio|cycle_count[14]                    ; clk_cpu      ; clk_cpu     ; 0.000        ; 0.071      ; 0.844      ;
; 0.602 ; sc_cpu:cpu|sc_datapath:datapath|sc_mmio:mmio|sc_uart:uart_inst|tx_cnt[11]        ; sc_cpu:cpu|sc_datapath:datapath|sc_mmio:mmio|sc_uart:uart_inst|tx_cnt[11]       ; clk_cpu      ; clk_cpu     ; 0.000        ; 0.070      ; 0.843      ;
; 0.602 ; sc_cpu:cpu|sc_datapath:datapath|sc_mmio:mmio|sc_uart:uart_inst|tx_cnt[15]        ; sc_cpu:cpu|sc_datapath:datapath|sc_mmio:mmio|sc_uart:uart_inst|tx_cnt[15]       ; clk_cpu      ; clk_cpu     ; 0.000        ; 0.070      ; 0.843      ;
; 0.602 ; sc_cpu:cpu|sc_datapath:datapath|sc_mmio:mmio|sc_uart:uart_inst|rx_cnt[11]        ; sc_cpu:cpu|sc_datapath:datapath|sc_mmio:mmio|sc_uart:uart_inst|rx_cnt[11]       ; clk_cpu      ; clk_cpu     ; 0.000        ; 0.070      ; 0.843      ;
; 0.602 ; sc_cpu:cpu|sc_datapath:datapath|sc_mmio:mmio|sc_uart:uart_inst|rx_cnt[15]        ; sc_cpu:cpu|sc_datapath:datapath|sc_mmio:mmio|sc_uart:uart_inst|rx_cnt[15]       ; clk_cpu      ; clk_cpu     ; 0.000        ; 0.070      ; 0.843      ;
; 0.602 ; sc_cpu:cpu|sc_datapath:datapath|sc_mmio:mmio|cycle_count[2]                      ; sc_cpu:cpu|sc_datapath:datapath|sc_mmio:mmio|cycle_count[2]                     ; clk_cpu      ; clk_cpu     ; 0.000        ; 0.071      ; 0.844      ;
; 0.603 ; sc_cpu:cpu|sc_datapath:datapath|pc_reg[29]                                       ; sc_cpu:cpu|sc_datapath:datapath|pc_reg[29]                                      ; clk_cpu      ; clk_cpu     ; 0.000        ; 0.072      ; 0.846      ;
; 0.603 ; sc_cpu:cpu|sc_datapath:datapath|pc_reg[27]                                       ; sc_cpu:cpu|sc_datapath:datapath|pc_reg[27]                                      ; clk_cpu      ; clk_cpu     ; 0.000        ; 0.072      ; 0.846      ;
; 0.603 ; sc_cpu:cpu|sc_datapath:datapath|pc_reg[21]                                       ; sc_cpu:cpu|sc_datapath:datapath|pc_reg[21]                                      ; clk_cpu      ; clk_cpu     ; 0.000        ; 0.072      ; 0.846      ;
; 0.603 ; sc_cpu:cpu|sc_datapath:datapath|pc_reg[18]                                       ; sc_cpu:cpu|sc_datapath:datapath|pc_reg[18]                                      ; clk_cpu      ; clk_cpu     ; 0.000        ; 0.072      ; 0.846      ;
; 0.603 ; sc_cpu:cpu|sc_datapath:datapath|sc_mmio:mmio|cycle_count[30]                     ; sc_cpu:cpu|sc_datapath:datapath|sc_mmio:mmio|cycle_count[30]                    ; clk_cpu      ; clk_cpu     ; 0.000        ; 0.071      ; 0.845      ;
; 0.603 ; sc_cpu:cpu|sc_datapath:datapath|sc_mmio:mmio|cycle_count[20]                     ; sc_cpu:cpu|sc_datapath:datapath|sc_mmio:mmio|cycle_count[20]                    ; clk_cpu      ; clk_cpu     ; 0.000        ; 0.071      ; 0.845      ;
; 0.603 ; sc_cpu:cpu|sc_datapath:datapath|sc_mmio:mmio|cycle_count[18]                     ; sc_cpu:cpu|sc_datapath:datapath|sc_mmio:mmio|cycle_count[18]                    ; clk_cpu      ; clk_cpu     ; 0.000        ; 0.071      ; 0.845      ;
; 0.603 ; sc_cpu:cpu|sc_datapath:datapath|sc_mmio:mmio|cycle_count[10]                     ; sc_cpu:cpu|sc_datapath:datapath|sc_mmio:mmio|cycle_count[10]                    ; clk_cpu      ; clk_cpu     ; 0.000        ; 0.071      ; 0.845      ;
; 0.603 ; sc_cpu:cpu|sc_datapath:datapath|sc_mmio:mmio|sc_uart:uart_inst|tx_cnt[1]         ; sc_cpu:cpu|sc_datapath:datapath|sc_mmio:mmio|sc_uart:uart_inst|tx_cnt[1]        ; clk_cpu      ; clk_cpu     ; 0.000        ; 0.070      ; 0.844      ;
; 0.603 ; sc_cpu:cpu|sc_datapath:datapath|sc_mmio:mmio|sc_uart:uart_inst|tx_cnt[6]         ; sc_cpu:cpu|sc_datapath:datapath|sc_mmio:mmio|sc_uart:uart_inst|tx_cnt[6]        ; clk_cpu      ; clk_cpu     ; 0.000        ; 0.070      ; 0.844      ;
; 0.603 ; sc_cpu:cpu|sc_datapath:datapath|sc_mmio:mmio|cycle_count[8]                      ; sc_cpu:cpu|sc_datapath:datapath|sc_mmio:mmio|cycle_count[8]                     ; clk_cpu      ; clk_cpu     ; 0.000        ; 0.071      ; 0.845      ;
; 0.603 ; sc_cpu:cpu|sc_datapath:datapath|sc_mmio:mmio|sc_uart:uart_inst|rx_cnt[1]         ; sc_cpu:cpu|sc_datapath:datapath|sc_mmio:mmio|sc_uart:uart_inst|rx_cnt[1]        ; clk_cpu      ; clk_cpu     ; 0.000        ; 0.070      ; 0.844      ;
; 0.603 ; sc_cpu:cpu|sc_datapath:datapath|sc_mmio:mmio|sc_uart:uart_inst|rx_cnt[6]         ; sc_cpu:cpu|sc_datapath:datapath|sc_mmio:mmio|sc_uart:uart_inst|rx_cnt[6]        ; clk_cpu      ; clk_cpu     ; 0.000        ; 0.070      ; 0.844      ;
; 0.603 ; sc_cpu:cpu|sc_datapath:datapath|sc_mmio:mmio|cycle_count[4]                      ; sc_cpu:cpu|sc_datapath:datapath|sc_mmio:mmio|cycle_count[4]                     ; clk_cpu      ; clk_cpu     ; 0.000        ; 0.071      ; 0.845      ;
; 0.604 ; sc_cpu:cpu|sc_datapath:datapath|pc_reg[10]                                       ; sc_cpu:cpu|sc_datapath:datapath|pc_reg[10]                                      ; clk_cpu      ; clk_cpu     ; 0.000        ; 0.072      ; 0.847      ;
; 0.604 ; sc_cpu:cpu|sc_datapath:datapath|pc_reg[8]                                        ; sc_cpu:cpu|sc_datapath:datapath|pc_reg[8]                                       ; clk_cpu      ; clk_cpu     ; 0.000        ; 0.072      ; 0.847      ;
; 0.604 ; sc_cpu:cpu|sc_datapath:datapath|sc_mmio:mmio|cycle_count[28]                     ; sc_cpu:cpu|sc_datapath:datapath|sc_mmio:mmio|cycle_count[28]                    ; clk_cpu      ; clk_cpu     ; 0.000        ; 0.071      ; 0.846      ;
; 0.604 ; sc_cpu:cpu|sc_datapath:datapath|sc_mmio:mmio|cycle_count[26]                     ; sc_cpu:cpu|sc_datapath:datapath|sc_mmio:mmio|cycle_count[26]                    ; clk_cpu      ; clk_cpu     ; 0.000        ; 0.071      ; 0.846      ;
; 0.604 ; sc_cpu:cpu|sc_datapath:datapath|sc_mmio:mmio|cycle_count[24]                     ; sc_cpu:cpu|sc_datapath:datapath|sc_mmio:mmio|cycle_count[24]                    ; clk_cpu      ; clk_cpu     ; 0.000        ; 0.071      ; 0.846      ;
+-------+----------------------------------------------------------------------------------+---------------------------------------------------------------------------------+--------------+-------------+--------------+------------+------------+


----------------------------------------------
; Slow 1200mV 0C Model Metastability Summary ;
----------------------------------------------
The design MTBF is not calculated because there are no specified synchronizers in the design.
Number of Synchronizer Chains Found: 1
Shortest Synchronizer Chain: 2 Registers
Fraction of Chains for which MTBFs Could Not be Calculated: 1.000
Worst Case Available Settling Time: 195.589 ns




+------------------------------------+
; Fast 1200mV 0C Model Setup Summary ;
+---------+--------+-----------------+
; Clock   ; Slack  ; End Point TNS   ;
+---------+--------+-----------------+
; clk_cpu ; 78.983 ; 0.000           ;
+---------+--------+-----------------+


+-----------------------------------+
; Fast 1200mV 0C Model Hold Summary ;
+---------+-------+-----------------+
; Clock   ; Slack ; End Point TNS   ;
+---------+-------+-----------------+
; clk_cpu ; 0.183 ; 0.000           ;
+---------+-------+-----------------+


-----------------------------------------
; Fast 1200mV 0C Model Recovery Summary ;
-----------------------------------------
No paths to report.


----------------------------------------
; Fast 1200mV 0C Model Removal Summary ;
----------------------------------------
No paths to report.


+--------------------------------------------------+
; Fast 1200mV 0C Model Minimum Pulse Width Summary ;
+---------+--------+-------------------------------+
; Clock   ; Slack  ; End Point TNS                 ;
+---------+--------+-------------------------------+
; clk     ; 9.574  ; 0.000                         ;
; clk_cpu ; 49.779 ; 0.000                         ;
+---------+--------+-------------------------------+


+----------------------------------------------------------------------------------------------------------------------------------------------------------------------------------------+
; Fast 1200mV 0C Model Setup: 'clk_cpu'                                                                                                                                                  ;
+--------+-------------------------------------------+-------------------------------------------------------------+--------------+-------------+--------------+------------+------------+
; Slack  ; From Node                                 ; To Node                                                     ; Launch Clock ; Latch Clock ; Relationship ; Clock Skew ; Data Delay ;
+--------+-------------------------------------------+-------------------------------------------------------------+--------------+-------------+--------------+------------+------------+
; 78.983 ; sc_cpu:cpu|sc_datapath:datapath|pc_reg[3] ; sc_cpu:cpu|sc_datapath:datapath|sc_regfile:regfile|regs~38  ; clk_cpu      ; clk_cpu     ; 100.000      ; -0.108     ; 20.896     ;
; 78.984 ; sc_cpu:cpu|sc_datapath:datapath|pc_reg[3] ; sc_cpu:cpu|sc_datapath:datapath|sc_regfile:regfile|regs~70  ; clk_cpu      ; clk_cpu     ; 100.000      ; -0.108     ; 20.895     ;
; 79.020 ; sc_cpu:cpu|sc_datapath:datapath|pc_reg[6] ; sc_cpu:cpu|sc_datapath:datapath|sc_regfile:regfile|regs~38  ; clk_cpu      ; clk_cpu     ; 100.000      ; -0.108     ; 20.859     ;
; 79.021 ; sc_cpu:cpu|sc_datapath:datapath|pc_reg[6] ; sc_cpu:cpu|sc_datapath:datapath|sc_regfile:regfile|regs~70  ; clk_cpu      ; clk_cpu     ; 100.000      ; -0.108     ; 20.858     ;
; 79.094 ; sc_cpu:cpu|sc_datapath:datapath|pc_reg[4] ; sc_cpu:cpu|sc_datapath:datapath|sc_regfile:regfile|regs~38  ; clk_cpu      ; clk_cpu     ; 100.000      ; -0.108     ; 20.785     ;
; 79.095 ; sc_cpu:cpu|sc_datapath:datapath|pc_reg[4] ; sc_cpu:cpu|sc_datapath:datapath|sc_regfile:regfile|regs~70  ; clk_cpu      ; clk_cpu     ; 100.000      ; -0.108     ; 20.784     ;
; 79.110 ; sc_cpu:cpu|sc_datapath:datapath|pc_reg[3] ; sc_cpu:cpu|sc_datapath:datapath|sc_regfile:regfile|regs~294 ; clk_cpu      ; clk_cpu     ; 100.000      ; -0.098     ; 20.779     ;
; 79.111 ; sc_cpu:cpu|sc_datapath:datapath|pc_reg[3] ; sc_cpu:cpu|sc_datapath:datapath|sc_regfile:regfile|regs~326 ; clk_cpu      ; clk_cpu     ; 100.000      ; -0.098     ; 20.778     ;
; 79.116 ; sc_cpu:cpu|sc_datapath:datapath|pc_reg[5] ; sc_cpu:cpu|sc_datapath:datapath|sc_regfile:regfile|regs~38  ; clk_cpu      ; clk_cpu     ; 100.000      ; -0.108     ; 20.763     ;
; 79.117 ; sc_cpu:cpu|sc_datapath:datapath|pc_reg[5] ; sc_cpu:cpu|sc_datapath:datapath|sc_regfile:regfile|regs~70  ; clk_cpu      ; clk_cpu     ; 100.000      ; -0.108     ; 20.762     ;
; 79.144 ; sc_cpu:cpu|sc_datapath:datapath|pc_reg[3] ; sc_cpu:cpu|sc_datapath:datapath|sc_regfile:regfile|regs~358 ; clk_cpu      ; clk_cpu     ; 100.000      ; -0.077     ; 20.766     ;
; 79.147 ; sc_cpu:cpu|sc_datapath:datapath|pc_reg[6] ; sc_cpu:cpu|sc_datapath:datapath|sc_regfile:regfile|regs~294 ; clk_cpu      ; clk_cpu     ; 100.000      ; -0.098     ; 20.742     ;
; 79.148 ; sc_cpu:cpu|sc_datapath:datapath|pc_reg[3] ; sc_cpu:cpu|sc_datapath:datapath|sc_regfile:regfile|regs~806 ; clk_cpu      ; clk_cpu     ; 100.000      ; -0.077     ; 20.762     ;
; 79.148 ; sc_cpu:cpu|sc_datapath:datapath|pc_reg[6] ; sc_cpu:cpu|sc_datapath:datapath|sc_regfile:regfile|regs~326 ; clk_cpu      ; clk_cpu     ; 100.000      ; -0.098     ; 20.741     ;
; 79.163 ; sc_cpu:cpu|sc_datapath:datapath|pc_reg[2] ; sc_cpu:cpu|sc_datapath:datapath|sc_regfile:regfile|regs~38  ; clk_cpu      ; clk_cpu     ; 100.000      ; -0.108     ; 20.716     ;
; 79.164 ; sc_cpu:cpu|sc_datapath:datapath|pc_reg[2] ; sc_cpu:cpu|sc_datapath:datapath|sc_regfile:regfile|regs~70  ; clk_cpu      ; clk_cpu     ; 100.000      ; -0.108     ; 20.715     ;
; 79.172 ; sc_cpu:cpu|sc_datapath:datapath|pc_reg[3] ; sc_cpu:cpu|sc_datapath:datapath|sc_regfile:regfile|regs~390 ; clk_cpu      ; clk_cpu     ; 100.000      ; -0.085     ; 20.730     ;
; 79.174 ; sc_cpu:cpu|sc_datapath:datapath|pc_reg[3] ; sc_cpu:cpu|sc_datapath:datapath|sc_regfile:regfile|regs~422 ; clk_cpu      ; clk_cpu     ; 100.000      ; -0.085     ; 20.728     ;
; 79.181 ; sc_cpu:cpu|sc_datapath:datapath|pc_reg[6] ; sc_cpu:cpu|sc_datapath:datapath|sc_regfile:regfile|regs~358 ; clk_cpu      ; clk_cpu     ; 100.000      ; -0.077     ; 20.729     ;
; 79.185 ; sc_cpu:cpu|sc_datapath:datapath|pc_reg[6] ; sc_cpu:cpu|sc_datapath:datapath|sc_regfile:regfile|regs~806 ; clk_cpu      ; clk_cpu     ; 100.000      ; -0.077     ; 20.725     ;
; 79.209 ; sc_cpu:cpu|sc_datapath:datapath|pc_reg[6] ; sc_cpu:cpu|sc_datapath:datapath|sc_regfile:regfile|regs~390 ; clk_cpu      ; clk_cpu     ; 100.000      ; -0.085     ; 20.693     ;
; 79.211 ; sc_cpu:cpu|sc_datapath:datapath|pc_reg[6] ; sc_cpu:cpu|sc_datapath:datapath|sc_regfile:regfile|regs~422 ; clk_cpu      ; clk_cpu     ; 100.000      ; -0.085     ; 20.691     ;
; 79.221 ; sc_cpu:cpu|sc_datapath:datapath|pc_reg[4] ; sc_cpu:cpu|sc_datapath:datapath|sc_regfile:regfile|regs~294 ; clk_cpu      ; clk_cpu     ; 100.000      ; -0.098     ; 20.668     ;
; 79.222 ; sc_cpu:cpu|sc_datapath:datapath|pc_reg[4] ; sc_cpu:cpu|sc_datapath:datapath|sc_regfile:regfile|regs~326 ; clk_cpu      ; clk_cpu     ; 100.000      ; -0.098     ; 20.667     ;
; 79.223 ; sc_cpu:cpu|sc_datapath:datapath|pc_reg[8] ; sc_cpu:cpu|sc_datapath:datapath|sc_regfile:regfile|regs~38  ; clk_cpu      ; clk_cpu     ; 100.000      ; -0.108     ; 20.656     ;
; 79.224 ; sc_cpu:cpu|sc_datapath:datapath|pc_reg[8] ; sc_cpu:cpu|sc_datapath:datapath|sc_regfile:regfile|regs~70  ; clk_cpu      ; clk_cpu     ; 100.000      ; -0.108     ; 20.655     ;
; 79.243 ; sc_cpu:cpu|sc_datapath:datapath|pc_reg[5] ; sc_cpu:cpu|sc_datapath:datapath|sc_regfile:regfile|regs~294 ; clk_cpu      ; clk_cpu     ; 100.000      ; -0.098     ; 20.646     ;
; 79.244 ; sc_cpu:cpu|sc_datapath:datapath|pc_reg[5] ; sc_cpu:cpu|sc_datapath:datapath|sc_regfile:regfile|regs~326 ; clk_cpu      ; clk_cpu     ; 100.000      ; -0.098     ; 20.645     ;
; 79.252 ; sc_cpu:cpu|sc_datapath:datapath|pc_reg[7] ; sc_cpu:cpu|sc_datapath:datapath|sc_regfile:regfile|regs~38  ; clk_cpu      ; clk_cpu     ; 100.000      ; -0.108     ; 20.627     ;
; 79.253 ; sc_cpu:cpu|sc_datapath:datapath|pc_reg[7] ; sc_cpu:cpu|sc_datapath:datapath|sc_regfile:regfile|regs~70  ; clk_cpu      ; clk_cpu     ; 100.000      ; -0.108     ; 20.626     ;
; 79.255 ; sc_cpu:cpu|sc_datapath:datapath|pc_reg[4] ; sc_cpu:cpu|sc_datapath:datapath|sc_regfile:regfile|regs~358 ; clk_cpu      ; clk_cpu     ; 100.000      ; -0.077     ; 20.655     ;
; 79.256 ; sc_cpu:cpu|sc_datapath:datapath|pc_reg[3] ; sc_cpu:cpu|sc_datapath:datapath|sc_regfile:regfile|regs~774 ; clk_cpu      ; clk_cpu     ; 100.000      ; -0.100     ; 20.631     ;
; 79.259 ; sc_cpu:cpu|sc_datapath:datapath|pc_reg[4] ; sc_cpu:cpu|sc_datapath:datapath|sc_regfile:regfile|regs~806 ; clk_cpu      ; clk_cpu     ; 100.000      ; -0.077     ; 20.651     ;
; 79.266 ; sc_cpu:cpu|sc_datapath:datapath|pc_reg[3] ; sc_cpu:cpu|sc_datapath:datapath|sc_regfile:regfile|regs~518 ; clk_cpu      ; clk_cpu     ; 100.000      ; -0.100     ; 20.621     ;
; 79.277 ; sc_cpu:cpu|sc_datapath:datapath|pc_reg[5] ; sc_cpu:cpu|sc_datapath:datapath|sc_regfile:regfile|regs~358 ; clk_cpu      ; clk_cpu     ; 100.000      ; -0.077     ; 20.633     ;
; 79.281 ; sc_cpu:cpu|sc_datapath:datapath|pc_reg[5] ; sc_cpu:cpu|sc_datapath:datapath|sc_regfile:regfile|regs~806 ; clk_cpu      ; clk_cpu     ; 100.000      ; -0.077     ; 20.629     ;
; 79.283 ; sc_cpu:cpu|sc_datapath:datapath|pc_reg[4] ; sc_cpu:cpu|sc_datapath:datapath|sc_regfile:regfile|regs~390 ; clk_cpu      ; clk_cpu     ; 100.000      ; -0.085     ; 20.619     ;
; 79.285 ; sc_cpu:cpu|sc_datapath:datapath|pc_reg[4] ; sc_cpu:cpu|sc_datapath:datapath|sc_regfile:regfile|regs~422 ; clk_cpu      ; clk_cpu     ; 100.000      ; -0.085     ; 20.617     ;
; 79.287 ; sc_cpu:cpu|sc_datapath:datapath|pc_reg[3] ; sc_cpu:cpu|sc_datapath:datapath|sc_regfile:regfile|regs~486 ; clk_cpu      ; clk_cpu     ; 100.000      ; -0.090     ; 20.610     ;
; 79.288 ; sc_cpu:cpu|sc_datapath:datapath|pc_reg[3] ; sc_cpu:cpu|sc_datapath:datapath|sc_regfile:regfile|regs~454 ; clk_cpu      ; clk_cpu     ; 100.000      ; -0.090     ; 20.609     ;
; 79.290 ; sc_cpu:cpu|sc_datapath:datapath|pc_reg[2] ; sc_cpu:cpu|sc_datapath:datapath|sc_regfile:regfile|regs~294 ; clk_cpu      ; clk_cpu     ; 100.000      ; -0.098     ; 20.599     ;
; 79.291 ; sc_cpu:cpu|sc_datapath:datapath|pc_reg[2] ; sc_cpu:cpu|sc_datapath:datapath|sc_regfile:regfile|regs~326 ; clk_cpu      ; clk_cpu     ; 100.000      ; -0.098     ; 20.598     ;
; 79.293 ; sc_cpu:cpu|sc_datapath:datapath|pc_reg[6] ; sc_cpu:cpu|sc_datapath:datapath|sc_regfile:regfile|regs~774 ; clk_cpu      ; clk_cpu     ; 100.000      ; -0.100     ; 20.594     ;
; 79.296 ; sc_cpu:cpu|sc_datapath:datapath|pc_reg[9] ; sc_cpu:cpu|sc_datapath:datapath|sc_regfile:regfile|regs~38  ; clk_cpu      ; clk_cpu     ; 100.000      ; -0.108     ; 20.583     ;
; 79.297 ; sc_cpu:cpu|sc_datapath:datapath|pc_reg[9] ; sc_cpu:cpu|sc_datapath:datapath|sc_regfile:regfile|regs~70  ; clk_cpu      ; clk_cpu     ; 100.000      ; -0.108     ; 20.582     ;
; 79.301 ; sc_cpu:cpu|sc_datapath:datapath|pc_reg[3] ; sc_cpu:cpu|sc_datapath:datapath|sc_regfile:regfile|regs~6   ; clk_cpu      ; clk_cpu     ; 100.000      ; -0.107     ; 20.579     ;
; 79.303 ; sc_cpu:cpu|sc_datapath:datapath|pc_reg[6] ; sc_cpu:cpu|sc_datapath:datapath|sc_regfile:regfile|regs~518 ; clk_cpu      ; clk_cpu     ; 100.000      ; -0.100     ; 20.584     ;
; 79.305 ; sc_cpu:cpu|sc_datapath:datapath|pc_reg[5] ; sc_cpu:cpu|sc_datapath:datapath|sc_regfile:regfile|regs~390 ; clk_cpu      ; clk_cpu     ; 100.000      ; -0.085     ; 20.597     ;
; 79.307 ; sc_cpu:cpu|sc_datapath:datapath|pc_reg[5] ; sc_cpu:cpu|sc_datapath:datapath|sc_regfile:regfile|regs~422 ; clk_cpu      ; clk_cpu     ; 100.000      ; -0.085     ; 20.595     ;
; 79.313 ; sc_cpu:cpu|sc_datapath:datapath|pc_reg[3] ; sc_cpu:cpu|sc_datapath:datapath|sc_regfile:regfile|regs~166 ; clk_cpu      ; clk_cpu     ; 100.000      ; -0.085     ; 20.589     ;
; 79.315 ; sc_cpu:cpu|sc_datapath:datapath|pc_reg[3] ; sc_cpu:cpu|sc_datapath:datapath|sc_regfile:regfile|regs~134 ; clk_cpu      ; clk_cpu     ; 100.000      ; -0.085     ; 20.587     ;
; 79.324 ; sc_cpu:cpu|sc_datapath:datapath|pc_reg[2] ; sc_cpu:cpu|sc_datapath:datapath|sc_regfile:regfile|regs~358 ; clk_cpu      ; clk_cpu     ; 100.000      ; -0.077     ; 20.586     ;
; 79.324 ; sc_cpu:cpu|sc_datapath:datapath|pc_reg[6] ; sc_cpu:cpu|sc_datapath:datapath|sc_regfile:regfile|regs~486 ; clk_cpu      ; clk_cpu     ; 100.000      ; -0.090     ; 20.573     ;
; 79.325 ; sc_cpu:cpu|sc_datapath:datapath|pc_reg[6] ; sc_cpu:cpu|sc_datapath:datapath|sc_regfile:regfile|regs~454 ; clk_cpu      ; clk_cpu     ; 100.000      ; -0.090     ; 20.572     ;
; 79.328 ; sc_cpu:cpu|sc_datapath:datapath|pc_reg[2] ; sc_cpu:cpu|sc_datapath:datapath|sc_regfile:regfile|regs~806 ; clk_cpu      ; clk_cpu     ; 100.000      ; -0.077     ; 20.582     ;
; 79.338 ; sc_cpu:cpu|sc_datapath:datapath|pc_reg[6] ; sc_cpu:cpu|sc_datapath:datapath|sc_regfile:regfile|regs~6   ; clk_cpu      ; clk_cpu     ; 100.000      ; -0.107     ; 20.542     ;
; 79.350 ; sc_cpu:cpu|sc_datapath:datapath|pc_reg[6] ; sc_cpu:cpu|sc_datapath:datapath|sc_regfile:regfile|regs~166 ; clk_cpu      ; clk_cpu     ; 100.000      ; -0.085     ; 20.552     ;
; 79.350 ; sc_cpu:cpu|sc_datapath:datapath|pc_reg[8] ; sc_cpu:cpu|sc_datapath:datapath|sc_regfile:regfile|regs~294 ; clk_cpu      ; clk_cpu     ; 100.000      ; -0.098     ; 20.539     ;
; 79.351 ; sc_cpu:cpu|sc_datapath:datapath|pc_reg[8] ; sc_cpu:cpu|sc_datapath:datapath|sc_regfile:regfile|regs~326 ; clk_cpu      ; clk_cpu     ; 100.000      ; -0.098     ; 20.538     ;
; 79.352 ; sc_cpu:cpu|sc_datapath:datapath|pc_reg[2] ; sc_cpu:cpu|sc_datapath:datapath|sc_regfile:regfile|regs~390 ; clk_cpu      ; clk_cpu     ; 100.000      ; -0.085     ; 20.550     ;
; 79.352 ; sc_cpu:cpu|sc_datapath:datapath|pc_reg[6] ; sc_cpu:cpu|sc_datapath:datapath|sc_regfile:regfile|regs~134 ; clk_cpu      ; clk_cpu     ; 100.000      ; -0.085     ; 20.550     ;
; 79.354 ; sc_cpu:cpu|sc_datapath:datapath|pc_reg[2] ; sc_cpu:cpu|sc_datapath:datapath|sc_regfile:regfile|regs~422 ; clk_cpu      ; clk_cpu     ; 100.000      ; -0.085     ; 20.548     ;
; 79.355 ; sc_cpu:cpu|sc_datapath:datapath|pc_reg[3] ; sc_cpu:cpu|sc_datapath:datapath|sc_regfile:regfile|regs~49  ; clk_cpu      ; clk_cpu     ; 100.000      ; -0.094     ; 20.538     ;
; 79.355 ; sc_cpu:cpu|sc_datapath:datapath|pc_reg[3] ; sc_cpu:cpu|sc_datapath:datapath|sc_regfile:regfile|regs~17  ; clk_cpu      ; clk_cpu     ; 100.000      ; -0.094     ; 20.538     ;
; 79.367 ; sc_cpu:cpu|sc_datapath:datapath|pc_reg[4] ; sc_cpu:cpu|sc_datapath:datapath|sc_regfile:regfile|regs~774 ; clk_cpu      ; clk_cpu     ; 100.000      ; -0.100     ; 20.520     ;
; 79.377 ; sc_cpu:cpu|sc_datapath:datapath|pc_reg[4] ; sc_cpu:cpu|sc_datapath:datapath|sc_regfile:regfile|regs~518 ; clk_cpu      ; clk_cpu     ; 100.000      ; -0.100     ; 20.510     ;
; 79.379 ; sc_cpu:cpu|sc_datapath:datapath|pc_reg[7] ; sc_cpu:cpu|sc_datapath:datapath|sc_regfile:regfile|regs~294 ; clk_cpu      ; clk_cpu     ; 100.000      ; -0.098     ; 20.510     ;
; 79.380 ; sc_cpu:cpu|sc_datapath:datapath|pc_reg[7] ; sc_cpu:cpu|sc_datapath:datapath|sc_regfile:regfile|regs~326 ; clk_cpu      ; clk_cpu     ; 100.000      ; -0.098     ; 20.509     ;
; 79.384 ; sc_cpu:cpu|sc_datapath:datapath|pc_reg[8] ; sc_cpu:cpu|sc_datapath:datapath|sc_regfile:regfile|regs~358 ; clk_cpu      ; clk_cpu     ; 100.000      ; -0.077     ; 20.526     ;
; 79.388 ; sc_cpu:cpu|sc_datapath:datapath|pc_reg[8] ; sc_cpu:cpu|sc_datapath:datapath|sc_regfile:regfile|regs~806 ; clk_cpu      ; clk_cpu     ; 100.000      ; -0.077     ; 20.522     ;
; 79.389 ; sc_cpu:cpu|sc_datapath:datapath|pc_reg[5] ; sc_cpu:cpu|sc_datapath:datapath|sc_regfile:regfile|regs~774 ; clk_cpu      ; clk_cpu     ; 100.000      ; -0.100     ; 20.498     ;
; 79.392 ; sc_cpu:cpu|sc_datapath:datapath|pc_reg[6] ; sc_cpu:cpu|sc_datapath:datapath|sc_regfile:regfile|regs~49  ; clk_cpu      ; clk_cpu     ; 100.000      ; -0.094     ; 20.501     ;
; 79.392 ; sc_cpu:cpu|sc_datapath:datapath|pc_reg[6] ; sc_cpu:cpu|sc_datapath:datapath|sc_regfile:regfile|regs~17  ; clk_cpu      ; clk_cpu     ; 100.000      ; -0.094     ; 20.501     ;
; 79.398 ; sc_cpu:cpu|sc_datapath:datapath|pc_reg[4] ; sc_cpu:cpu|sc_datapath:datapath|sc_regfile:regfile|regs~486 ; clk_cpu      ; clk_cpu     ; 100.000      ; -0.090     ; 20.499     ;
; 79.399 ; sc_cpu:cpu|sc_datapath:datapath|pc_reg[5] ; sc_cpu:cpu|sc_datapath:datapath|sc_regfile:regfile|regs~518 ; clk_cpu      ; clk_cpu     ; 100.000      ; -0.100     ; 20.488     ;
; 79.399 ; sc_cpu:cpu|sc_datapath:datapath|pc_reg[4] ; sc_cpu:cpu|sc_datapath:datapath|sc_regfile:regfile|regs~454 ; clk_cpu      ; clk_cpu     ; 100.000      ; -0.090     ; 20.498     ;
; 79.404 ; sc_cpu:cpu|sc_datapath:datapath|pc_reg[3] ; sc_cpu:cpu|sc_datapath:datapath|sc_regfile:regfile|regs~198 ; clk_cpu      ; clk_cpu     ; 100.000      ; -0.105     ; 20.478     ;
; 79.407 ; sc_cpu:cpu|sc_datapath:datapath|pc_reg[3] ; sc_cpu:cpu|sc_datapath:datapath|sc_regfile:regfile|regs~230 ; clk_cpu      ; clk_cpu     ; 100.000      ; -0.105     ; 20.475     ;
; 79.412 ; sc_cpu:cpu|sc_datapath:datapath|pc_reg[4] ; sc_cpu:cpu|sc_datapath:datapath|sc_regfile:regfile|regs~6   ; clk_cpu      ; clk_cpu     ; 100.000      ; -0.107     ; 20.468     ;
; 79.412 ; sc_cpu:cpu|sc_datapath:datapath|pc_reg[8] ; sc_cpu:cpu|sc_datapath:datapath|sc_regfile:regfile|regs~390 ; clk_cpu      ; clk_cpu     ; 100.000      ; -0.085     ; 20.490     ;
; 79.413 ; sc_cpu:cpu|sc_datapath:datapath|pc_reg[7] ; sc_cpu:cpu|sc_datapath:datapath|sc_regfile:regfile|regs~358 ; clk_cpu      ; clk_cpu     ; 100.000      ; -0.077     ; 20.497     ;
; 79.414 ; sc_cpu:cpu|sc_datapath:datapath|pc_reg[8] ; sc_cpu:cpu|sc_datapath:datapath|sc_regfile:regfile|regs~422 ; clk_cpu      ; clk_cpu     ; 100.000      ; -0.085     ; 20.488     ;
; 79.417 ; sc_cpu:cpu|sc_datapath:datapath|pc_reg[7] ; sc_cpu:cpu|sc_datapath:datapath|sc_regfile:regfile|regs~806 ; clk_cpu      ; clk_cpu     ; 100.000      ; -0.077     ; 20.493     ;
; 79.418 ; sc_cpu:cpu|sc_datapath:datapath|pc_reg[3] ; sc_cpu:cpu|sc_datapath:datapath|sc_regfile:regfile|regs~102 ; clk_cpu      ; clk_cpu     ; 100.000      ; -0.083     ; 20.486     ;
; 79.420 ; sc_cpu:cpu|sc_datapath:datapath|pc_reg[5] ; sc_cpu:cpu|sc_datapath:datapath|sc_regfile:regfile|regs~486 ; clk_cpu      ; clk_cpu     ; 100.000      ; -0.090     ; 20.477     ;
; 79.421 ; sc_cpu:cpu|sc_datapath:datapath|pc_reg[5] ; sc_cpu:cpu|sc_datapath:datapath|sc_regfile:regfile|regs~454 ; clk_cpu      ; clk_cpu     ; 100.000      ; -0.090     ; 20.476     ;
; 79.423 ; sc_cpu:cpu|sc_datapath:datapath|pc_reg[9] ; sc_cpu:cpu|sc_datapath:datapath|sc_regfile:regfile|regs~294 ; clk_cpu      ; clk_cpu     ; 100.000      ; -0.098     ; 20.466     ;
; 79.424 ; sc_cpu:cpu|sc_datapath:datapath|pc_reg[4] ; sc_cpu:cpu|sc_datapath:datapath|sc_regfile:regfile|regs~166 ; clk_cpu      ; clk_cpu     ; 100.000      ; -0.085     ; 20.478     ;
; 79.424 ; sc_cpu:cpu|sc_datapath:datapath|pc_reg[9] ; sc_cpu:cpu|sc_datapath:datapath|sc_regfile:regfile|regs~326 ; clk_cpu      ; clk_cpu     ; 100.000      ; -0.098     ; 20.465     ;
; 79.425 ; sc_cpu:cpu|sc_datapath:datapath|pc_reg[3] ; sc_cpu:cpu|sc_datapath:datapath|sc_regfile:regfile|regs~262 ; clk_cpu      ; clk_cpu     ; 100.000      ; -0.083     ; 20.479     ;
; 79.426 ; sc_cpu:cpu|sc_datapath:datapath|pc_reg[4] ; sc_cpu:cpu|sc_datapath:datapath|sc_regfile:regfile|regs~134 ; clk_cpu      ; clk_cpu     ; 100.000      ; -0.085     ; 20.476     ;
; 79.434 ; sc_cpu:cpu|sc_datapath:datapath|pc_reg[5] ; sc_cpu:cpu|sc_datapath:datapath|sc_regfile:regfile|regs~6   ; clk_cpu      ; clk_cpu     ; 100.000      ; -0.107     ; 20.446     ;
; 79.436 ; sc_cpu:cpu|sc_datapath:datapath|pc_reg[2] ; sc_cpu:cpu|sc_datapath:datapath|sc_regfile:regfile|regs~774 ; clk_cpu      ; clk_cpu     ; 100.000      ; -0.100     ; 20.451     ;
; 79.441 ; sc_cpu:cpu|sc_datapath:datapath|pc_reg[7] ; sc_cpu:cpu|sc_datapath:datapath|sc_regfile:regfile|regs~390 ; clk_cpu      ; clk_cpu     ; 100.000      ; -0.085     ; 20.461     ;
; 79.441 ; sc_cpu:cpu|sc_datapath:datapath|pc_reg[6] ; sc_cpu:cpu|sc_datapath:datapath|sc_regfile:regfile|regs~198 ; clk_cpu      ; clk_cpu     ; 100.000      ; -0.105     ; 20.441     ;
; 79.443 ; sc_cpu:cpu|sc_datapath:datapath|pc_reg[7] ; sc_cpu:cpu|sc_datapath:datapath|sc_regfile:regfile|regs~422 ; clk_cpu      ; clk_cpu     ; 100.000      ; -0.085     ; 20.459     ;
; 79.444 ; sc_cpu:cpu|sc_datapath:datapath|pc_reg[6] ; sc_cpu:cpu|sc_datapath:datapath|sc_regfile:regfile|regs~230 ; clk_cpu      ; clk_cpu     ; 100.000      ; -0.105     ; 20.438     ;
; 79.446 ; sc_cpu:cpu|sc_datapath:datapath|pc_reg[2] ; sc_cpu:cpu|sc_datapath:datapath|sc_regfile:regfile|regs~518 ; clk_cpu      ; clk_cpu     ; 100.000      ; -0.100     ; 20.441     ;
; 79.446 ; sc_cpu:cpu|sc_datapath:datapath|pc_reg[5] ; sc_cpu:cpu|sc_datapath:datapath|sc_regfile:regfile|regs~166 ; clk_cpu      ; clk_cpu     ; 100.000      ; -0.085     ; 20.456     ;
; 79.448 ; sc_cpu:cpu|sc_datapath:datapath|pc_reg[5] ; sc_cpu:cpu|sc_datapath:datapath|sc_regfile:regfile|regs~134 ; clk_cpu      ; clk_cpu     ; 100.000      ; -0.085     ; 20.454     ;
+--------+-------------------------------------------+-------------------------------------------------------------+--------------+-------------+--------------+------------+------------+


+---------------------------------------------------------------------------------------------------------------------------------------------------------------------------------------------------------------------------------------------------+
; Fast 1200mV 0C Model Hold: 'clk_cpu'                                                                                                                                                                                                              ;
+-------+----------------------------------------------------------------------------------+----------------------------------------------------------------------------------+--------------+-------------+--------------+------------+------------+
; Slack ; From Node                                                                        ; To Node                                                                          ; Launch Clock ; Latch Clock ; Relationship ; Clock Skew ; Data Delay ;
+-------+----------------------------------------------------------------------------------+----------------------------------------------------------------------------------+--------------+-------------+--------------+------------+------------+
; 0.183 ; sc_cpu:cpu|sc_datapath:datapath|sc_mmio:mmio|sc_uart:uart_inst|tx_sr[7]          ; sc_cpu:cpu|sc_datapath:datapath|sc_mmio:mmio|sc_uart:uart_inst|tx_sr[7]          ; clk_cpu      ; clk_cpu     ; 0.000        ; 0.040      ; 0.307      ;
; 0.183 ; sc_cpu:cpu|sc_datapath:datapath|sc_mmio:mmio|rx_ready                            ; sc_cpu:cpu|sc_datapath:datapath|sc_mmio:mmio|rx_ready                            ; clk_cpu      ; clk_cpu     ; 0.000        ; 0.040      ; 0.307      ;
; 0.183 ; sc_cpu:cpu|sc_datapath:datapath|sc_mmio:mmio|tx_byte_idx[0]                      ; sc_cpu:cpu|sc_datapath:datapath|sc_mmio:mmio|tx_byte_idx[0]                      ; clk_cpu      ; clk_cpu     ; 0.000        ; 0.040      ; 0.307      ;
; 0.183 ; sc_cpu:cpu|sc_datapath:datapath|sc_mmio:mmio|tx_byte_idx[1]                      ; sc_cpu:cpu|sc_datapath:datapath|sc_mmio:mmio|tx_byte_idx[1]                      ; clk_cpu      ; clk_cpu     ; 0.000        ; 0.040      ; 0.307      ;
; 0.183 ; sc_cpu:cpu|sc_datapath:datapath|sc_mmio:mmio|sc_uart:uart_inst|tx_busy           ; sc_cpu:cpu|sc_datapath:datapath|sc_mmio:mmio|sc_uart:uart_inst|tx_busy           ; clk_cpu      ; clk_cpu     ; 0.000        ; 0.040      ; 0.307      ;
; 0.183 ; sc_cpu:cpu|sc_datapath:datapath|sc_mmio:mmio|sc_uart:uart_inst|tx_state.TX_IDLE  ; sc_cpu:cpu|sc_datapath:datapath|sc_mmio:mmio|sc_uart:uart_inst|tx_state.TX_IDLE  ; clk_cpu      ; clk_cpu     ; 0.000        ; 0.040      ; 0.307      ;
; 0.183 ; sc_cpu:cpu|sc_datapath:datapath|sc_mmio:mmio|sc_uart:uart_inst|tx_bit_idx[1]     ; sc_cpu:cpu|sc_datapath:datapath|sc_mmio:mmio|sc_uart:uart_inst|tx_bit_idx[1]     ; clk_cpu      ; clk_cpu     ; 0.000        ; 0.040      ; 0.307      ;
; 0.183 ; sc_cpu:cpu|sc_datapath:datapath|sc_mmio:mmio|sc_uart:uart_inst|tx_bit_idx[2]     ; sc_cpu:cpu|sc_datapath:datapath|sc_mmio:mmio|sc_uart:uart_inst|tx_bit_idx[2]     ; clk_cpu      ; clk_cpu     ; 0.000        ; 0.040      ; 0.307      ;
; 0.183 ; sc_cpu:cpu|sc_datapath:datapath|sc_mmio:mmio|sc_uart:uart_inst|tx_state.TX_STOP  ; sc_cpu:cpu|sc_datapath:datapath|sc_mmio:mmio|sc_uart:uart_inst|tx_state.TX_STOP  ; clk_cpu      ; clk_cpu     ; 0.000        ; 0.040      ; 0.307      ;
; 0.183 ; sc_cpu:cpu|sc_datapath:datapath|sc_mmio:mmio|sc_uart:uart_inst|rx_state.RX_STOP  ; sc_cpu:cpu|sc_datapath:datapath|sc_mmio:mmio|sc_uart:uart_inst|rx_state.RX_STOP  ; clk_cpu      ; clk_cpu     ; 0.000        ; 0.040      ; 0.307      ;
; 0.183 ; sc_cpu:cpu|sc_datapath:datapath|sc_mmio:mmio|sc_uart:uart_inst|rx_state.RX_IDLE  ; sc_cpu:cpu|sc_datapath:datapath|sc_mmio:mmio|sc_uart:uart_inst|rx_state.RX_IDLE  ; clk_cpu      ; clk_cpu     ; 0.000        ; 0.040      ; 0.307      ;
; 0.183 ; sc_cpu:cpu|sc_datapath:datapath|sc_mmio:mmio|sc_uart:uart_inst|rx_bit_idx[2]     ; sc_cpu:cpu|sc_datapath:datapath|sc_mmio:mmio|sc_uart:uart_inst|rx_bit_idx[2]     ; clk_cpu      ; clk_cpu     ; 0.000        ; 0.040      ; 0.307      ;
; 0.183 ; sc_cpu:cpu|sc_datapath:datapath|sc_mmio:mmio|sc_uart:uart_inst|rx_bit_idx[1]     ; sc_cpu:cpu|sc_datapath:datapath|sc_mmio:mmio|sc_uart:uart_inst|rx_bit_idx[1]     ; clk_cpu      ; clk_cpu     ; 0.000        ; 0.040      ; 0.307      ;
; 0.190 ; sc_cpu:cpu|sc_datapath:datapath|sc_mmio:mmio|sc_uart:uart_inst|tx_bit_idx[0]     ; sc_cpu:cpu|sc_datapath:datapath|sc_mmio:mmio|sc_uart:uart_inst|tx_bit_idx[0]     ; clk_cpu      ; clk_cpu     ; 0.000        ; 0.040      ; 0.314      ;
; 0.190 ; sc_cpu:cpu|sc_datapath:datapath|sc_mmio:mmio|sc_uart:uart_inst|rx_bit_idx[0]     ; sc_cpu:cpu|sc_datapath:datapath|sc_mmio:mmio|sc_uart:uart_inst|rx_bit_idx[0]     ; clk_cpu      ; clk_cpu     ; 0.000        ; 0.040      ; 0.314      ;
; 0.190 ; sc_cpu:cpu|sc_datapath:datapath|sc_mmio:mmio|cycle_count[0]                      ; sc_cpu:cpu|sc_datapath:datapath|sc_mmio:mmio|cycle_count[0]                      ; clk_cpu      ; clk_cpu     ; 0.000        ; 0.040      ; 0.314      ;
; 0.197 ; sc_cpu:cpu|sc_datapath:datapath|sc_mmio:mmio|sc_uart:uart_inst|tx_bit_idx[0]     ; sc_cpu:cpu|sc_datapath:datapath|sc_mmio:mmio|sc_uart:uart_inst|tx_bit_idx[1]     ; clk_cpu      ; clk_cpu     ; 0.000        ; 0.040      ; 0.321      ;
; 0.198 ; sc_cpu:cpu|sc_datapath:datapath|pc_reg[31]                                       ; sc_cpu:cpu|sc_datapath:datapath|pc_reg[31]                                       ; clk_cpu      ; clk_cpu     ; 0.000        ; 0.042      ; 0.324      ;
; 0.200 ; sc_cpu:cpu|sc_datapath:datapath|sc_mmio:mmio|sc_uart:uart_inst|rx_sr[3]          ; sc_cpu:cpu|sc_datapath:datapath|sc_mmio:mmio|sc_uart:uart_inst|rx_sr[2]          ; clk_cpu      ; clk_cpu     ; 0.000        ; 0.040      ; 0.324      ;
; 0.200 ; sc_cpu:cpu|sc_datapath:datapath|sc_mmio:mmio|sc_uart:uart_inst|tx_bit_idx[0]     ; sc_cpu:cpu|sc_datapath:datapath|sc_mmio:mmio|sc_uart:uart_inst|tx_bit_idx[2]     ; clk_cpu      ; clk_cpu     ; 0.000        ; 0.040      ; 0.324      ;
; 0.201 ; sc_cpu:cpu|sc_datapath:datapath|sc_mmio:mmio|sc_uart:uart_inst|rx_sr[5]          ; sc_cpu:cpu|sc_datapath:datapath|sc_mmio:mmio|sc_uart:uart_inst|rx_sr[4]          ; clk_cpu      ; clk_cpu     ; 0.000        ; 0.040      ; 0.325      ;
; 0.201 ; sc_cpu:cpu|sc_datapath:datapath|sc_mmio:mmio|sc_uart:uart_inst|rx_sr[7]          ; sc_cpu:cpu|sc_datapath:datapath|sc_mmio:mmio|sc_uart:uart_inst|rx_sr[6]          ; clk_cpu      ; clk_cpu     ; 0.000        ; 0.040      ; 0.325      ;
; 0.201 ; sc_cpu:cpu|sc_datapath:datapath|sc_mmio:mmio|sc_uart:uart_inst|rx_state.RX_STOP  ; sc_cpu:cpu|sc_datapath:datapath|sc_mmio:mmio|sc_uart:uart_inst|rx_valid          ; clk_cpu      ; clk_cpu     ; 0.000        ; 0.040      ; 0.325      ;
; 0.203 ; sc_cpu:cpu|sc_datapath:datapath|sc_mmio:mmio|sc_uart:uart_inst|rx_sr[4]          ; sc_cpu:cpu|sc_datapath:datapath|sc_mmio:mmio|sc_uart:uart_inst|rx_sr[3]          ; clk_cpu      ; clk_cpu     ; 0.000        ; 0.040      ; 0.327      ;
; 0.205 ; sc_cpu:cpu|sc_datapath:datapath|sc_mmio:mmio|sc_uart:uart_inst|rx_state.RX_START ; sc_cpu:cpu|sc_datapath:datapath|sc_mmio:mmio|sc_uart:uart_inst|rx_state.RX_DATA  ; clk_cpu      ; clk_cpu     ; 0.000        ; 0.040      ; 0.329      ;
; 0.208 ; sc_cpu:cpu|sc_datapath:datapath|sc_mmio:mmio|tx_word_busy                        ; sc_cpu:cpu|sc_datapath:datapath|sc_mmio:mmio|sc_uart:uart_inst|tx_busy           ; clk_cpu      ; clk_cpu     ; 0.000        ; 0.040      ; 0.332      ;
; 0.212 ; sc_cpu:cpu|sc_datapath:datapath|sc_mmio:mmio|sc_uart:uart_inst|tx_state.TX_STOP  ; sc_cpu:cpu|sc_datapath:datapath|sc_mmio:mmio|sc_uart:uart_inst|tx_state.TX_IDLE  ; clk_cpu      ; clk_cpu     ; 0.000        ; 0.040      ; 0.336      ;
; 0.260 ; sc_cpu:cpu|sc_datapath:datapath|sc_mmio:mmio|sc_uart:uart_inst|rxd_q             ; sc_cpu:cpu|sc_datapath:datapath|sc_mmio:mmio|sc_uart:uart_inst|rx_valid          ; clk_cpu      ; clk_cpu     ; 0.000        ; 0.040      ; 0.384      ;
; 0.262 ; sc_cpu:cpu|sc_datapath:datapath|sc_mmio:mmio|sc_uart:uart_inst|tx_sr[1]          ; sc_cpu:cpu|sc_datapath:datapath|sc_mmio:mmio|sc_uart:uart_inst|tx_sr[0]          ; clk_cpu      ; clk_cpu     ; 0.000        ; 0.041      ; 0.387      ;
; 0.263 ; sc_cpu:cpu|sc_datapath:datapath|sc_mmio:mmio|sc_uart:uart_inst|tx_sr[2]          ; sc_cpu:cpu|sc_datapath:datapath|sc_mmio:mmio|sc_uart:uart_inst|tx_sr[1]          ; clk_cpu      ; clk_cpu     ; 0.000        ; 0.041      ; 0.388      ;
; 0.263 ; sc_cpu:cpu|sc_datapath:datapath|sc_mmio:mmio|sc_uart:uart_inst|tx_sr[3]          ; sc_cpu:cpu|sc_datapath:datapath|sc_mmio:mmio|sc_uart:uart_inst|tx_sr[2]          ; clk_cpu      ; clk_cpu     ; 0.000        ; 0.041      ; 0.388      ;
; 0.264 ; sc_cpu:cpu|sc_datapath:datapath|sc_mmio:mmio|sc_uart:uart_inst|tx_sr[4]          ; sc_cpu:cpu|sc_datapath:datapath|sc_mmio:mmio|sc_uart:uart_inst|tx_sr[3]          ; clk_cpu      ; clk_cpu     ; 0.000        ; 0.041      ; 0.389      ;
; 0.264 ; sc_cpu:cpu|sc_datapath:datapath|sc_mmio:mmio|sc_uart:uart_inst|tx_sr[5]          ; sc_cpu:cpu|sc_datapath:datapath|sc_mmio:mmio|sc_uart:uart_inst|tx_sr[4]          ; clk_cpu      ; clk_cpu     ; 0.000        ; 0.041      ; 0.389      ;
; 0.265 ; sc_cpu:cpu|sc_datapath:datapath|sc_mmio:mmio|sc_uart:uart_inst|tx_sr[6]          ; sc_cpu:cpu|sc_datapath:datapath|sc_mmio:mmio|sc_uart:uart_inst|tx_sr[5]          ; clk_cpu      ; clk_cpu     ; 0.000        ; 0.041      ; 0.390      ;
; 0.266 ; sc_cpu:cpu|sc_datapath:datapath|sc_mmio:mmio|sc_uart:uart_inst|rx_sr[2]          ; sc_cpu:cpu|sc_datapath:datapath|sc_mmio:mmio|sc_uart:uart_inst|rx_data[2]        ; clk_cpu      ; clk_cpu     ; 0.000        ; 0.040      ; 0.390      ;
; 0.267 ; sc_cpu:cpu|sc_datapath:datapath|sc_mmio:mmio|sc_uart:uart_inst|tx_sr[0]          ; sc_cpu:cpu|sc_datapath:datapath|sc_mmio:mmio|sc_uart:uart_inst|TXD               ; clk_cpu      ; clk_cpu     ; 0.000        ; 0.039      ; 0.390      ;
; 0.270 ; sc_cpu:cpu|sc_datapath:datapath|sc_mmio:mmio|sc_uart:uart_inst|rx_sr[2]          ; sc_cpu:cpu|sc_datapath:datapath|sc_mmio:mmio|sc_uart:uart_inst|rx_sr[1]          ; clk_cpu      ; clk_cpu     ; 0.000        ; 0.040      ; 0.394      ;
; 0.275 ; sc_cpu:cpu|sc_datapath:datapath|sc_mmio:mmio|sc_uart:uart_inst|rx_sr[1]          ; sc_cpu:cpu|sc_datapath:datapath|sc_mmio:mmio|sc_uart:uart_inst|rx_sr[0]          ; clk_cpu      ; clk_cpu     ; 0.000        ; 0.040      ; 0.399      ;
; 0.275 ; sc_cpu:cpu|sc_datapath:datapath|sc_mmio:mmio|sc_uart:uart_inst|rx_sr[6]          ; sc_cpu:cpu|sc_datapath:datapath|sc_mmio:mmio|sc_uart:uart_inst|rx_sr[5]          ; clk_cpu      ; clk_cpu     ; 0.000        ; 0.040      ; 0.399      ;
; 0.295 ; sc_cpu:cpu|sc_datapath:datapath|sc_mmio:mmio|sc_uart:uart_inst|tx_state.TX_DATA  ; sc_cpu:cpu|sc_datapath:datapath|sc_mmio:mmio|sc_uart:uart_inst|TXD               ; clk_cpu      ; clk_cpu     ; 0.000        ; 0.040      ; 0.419      ;
; 0.298 ; sc_cpu:cpu|sc_datapath:datapath|pc_reg[16]                                       ; sc_cpu:cpu|sc_datapath:datapath|pc_reg[16]                                       ; clk_cpu      ; clk_cpu     ; 0.000        ; 0.042      ; 0.424      ;
; 0.298 ; sc_cpu:cpu|sc_datapath:datapath|pc_reg[7]                                        ; sc_cpu:cpu|sc_datapath:datapath|pc_reg[7]                                        ; clk_cpu      ; clk_cpu     ; 0.000        ; 0.042      ; 0.424      ;
; 0.298 ; sc_cpu:cpu|sc_datapath:datapath|sc_mmio:mmio|sc_uart:uart_inst|rxd_q             ; sc_cpu:cpu|sc_datapath:datapath|sc_mmio:mmio|sc_uart:uart_inst|rx_state.RX_START ; clk_cpu      ; clk_cpu     ; 0.000        ; 0.061      ; 0.443      ;
; 0.299 ; sc_cpu:cpu|sc_datapath:datapath|pc_reg[23]                                       ; sc_cpu:cpu|sc_datapath:datapath|pc_reg[23]                                       ; clk_cpu      ; clk_cpu     ; 0.000        ; 0.042      ; 0.425      ;
; 0.299 ; sc_cpu:cpu|sc_datapath:datapath|pc_reg[17]                                       ; sc_cpu:cpu|sc_datapath:datapath|pc_reg[17]                                       ; clk_cpu      ; clk_cpu     ; 0.000        ; 0.042      ; 0.425      ;
; 0.299 ; sc_cpu:cpu|sc_datapath:datapath|pc_reg[15]                                       ; sc_cpu:cpu|sc_datapath:datapath|pc_reg[15]                                       ; clk_cpu      ; clk_cpu     ; 0.000        ; 0.042      ; 0.425      ;
; 0.299 ; sc_cpu:cpu|sc_datapath:datapath|pc_reg[14]                                       ; sc_cpu:cpu|sc_datapath:datapath|pc_reg[14]                                       ; clk_cpu      ; clk_cpu     ; 0.000        ; 0.042      ; 0.425      ;
; 0.299 ; sc_cpu:cpu|sc_datapath:datapath|pc_reg[9]                                        ; sc_cpu:cpu|sc_datapath:datapath|pc_reg[9]                                        ; clk_cpu      ; clk_cpu     ; 0.000        ; 0.042      ; 0.425      ;
; 0.300 ; sc_cpu:cpu|sc_datapath:datapath|pc_reg[30]                                       ; sc_cpu:cpu|sc_datapath:datapath|pc_reg[30]                                       ; clk_cpu      ; clk_cpu     ; 0.000        ; 0.042      ; 0.426      ;
; 0.300 ; sc_cpu:cpu|sc_datapath:datapath|pc_reg[28]                                       ; sc_cpu:cpu|sc_datapath:datapath|pc_reg[28]                                       ; clk_cpu      ; clk_cpu     ; 0.000        ; 0.042      ; 0.426      ;
; 0.300 ; sc_cpu:cpu|sc_datapath:datapath|pc_reg[21]                                       ; sc_cpu:cpu|sc_datapath:datapath|pc_reg[21]                                       ; clk_cpu      ; clk_cpu     ; 0.000        ; 0.042      ; 0.426      ;
; 0.300 ; sc_cpu:cpu|sc_datapath:datapath|pc_reg[20]                                       ; sc_cpu:cpu|sc_datapath:datapath|pc_reg[20]                                       ; clk_cpu      ; clk_cpu     ; 0.000        ; 0.042      ; 0.426      ;
; 0.300 ; sc_cpu:cpu|sc_datapath:datapath|pc_reg[19]                                       ; sc_cpu:cpu|sc_datapath:datapath|pc_reg[19]                                       ; clk_cpu      ; clk_cpu     ; 0.000        ; 0.042      ; 0.426      ;
; 0.300 ; sc_cpu:cpu|sc_datapath:datapath|pc_reg[18]                                       ; sc_cpu:cpu|sc_datapath:datapath|pc_reg[18]                                       ; clk_cpu      ; clk_cpu     ; 0.000        ; 0.042      ; 0.426      ;
; 0.300 ; sc_cpu:cpu|sc_datapath:datapath|pc_reg[13]                                       ; sc_cpu:cpu|sc_datapath:datapath|pc_reg[13]                                       ; clk_cpu      ; clk_cpu     ; 0.000        ; 0.042      ; 0.426      ;
; 0.300 ; sc_cpu:cpu|sc_datapath:datapath|pc_reg[11]                                       ; sc_cpu:cpu|sc_datapath:datapath|pc_reg[11]                                       ; clk_cpu      ; clk_cpu     ; 0.000        ; 0.042      ; 0.426      ;
; 0.300 ; sc_cpu:cpu|sc_datapath:datapath|pc_reg[8]                                        ; sc_cpu:cpu|sc_datapath:datapath|pc_reg[8]                                        ; clk_cpu      ; clk_cpu     ; 0.000        ; 0.042      ; 0.426      ;
; 0.300 ; sc_cpu:cpu|sc_datapath:datapath|pc_reg[5]                                        ; sc_cpu:cpu|sc_datapath:datapath|pc_reg[5]                                        ; clk_cpu      ; clk_cpu     ; 0.000        ; 0.042      ; 0.426      ;
; 0.300 ; sc_cpu:cpu|sc_datapath:datapath|sc_mmio:mmio|cycle_count[15]                     ; sc_cpu:cpu|sc_datapath:datapath|sc_mmio:mmio|cycle_count[15]                     ; clk_cpu      ; clk_cpu     ; 0.000        ; 0.040      ; 0.424      ;
; 0.300 ; sc_cpu:cpu|sc_datapath:datapath|sc_mmio:mmio|sc_uart:uart_inst|rx_cnt[15]        ; sc_cpu:cpu|sc_datapath:datapath|sc_mmio:mmio|sc_uart:uart_inst|rx_cnt[15]        ; clk_cpu      ; clk_cpu     ; 0.000        ; 0.040      ; 0.424      ;
; 0.300 ; sc_cpu:cpu|sc_datapath:datapath|sc_mmio:mmio|cycle_count[6]                      ; sc_cpu:cpu|sc_datapath:datapath|sc_mmio:mmio|cycle_count[6]                      ; clk_cpu      ; clk_cpu     ; 0.000        ; 0.040      ; 0.424      ;
; 0.301 ; sc_cpu:cpu|sc_datapath:datapath|pc_reg[29]                                       ; sc_cpu:cpu|sc_datapath:datapath|pc_reg[29]                                       ; clk_cpu      ; clk_cpu     ; 0.000        ; 0.042      ; 0.427      ;
; 0.301 ; sc_cpu:cpu|sc_datapath:datapath|pc_reg[27]                                       ; sc_cpu:cpu|sc_datapath:datapath|pc_reg[27]                                       ; clk_cpu      ; clk_cpu     ; 0.000        ; 0.042      ; 0.427      ;
; 0.301 ; sc_cpu:cpu|sc_datapath:datapath|pc_reg[26]                                       ; sc_cpu:cpu|sc_datapath:datapath|pc_reg[26]                                       ; clk_cpu      ; clk_cpu     ; 0.000        ; 0.042      ; 0.427      ;
; 0.301 ; sc_cpu:cpu|sc_datapath:datapath|pc_reg[10]                                       ; sc_cpu:cpu|sc_datapath:datapath|pc_reg[10]                                       ; clk_cpu      ; clk_cpu     ; 0.000        ; 0.042      ; 0.427      ;
; 0.301 ; sc_cpu:cpu|sc_datapath:datapath|sc_mmio:mmio|cycle_count[31]                     ; sc_cpu:cpu|sc_datapath:datapath|sc_mmio:mmio|cycle_count[31]                     ; clk_cpu      ; clk_cpu     ; 0.000        ; 0.040      ; 0.425      ;
; 0.301 ; sc_cpu:cpu|sc_datapath:datapath|sc_mmio:mmio|cycle_count[22]                     ; sc_cpu:cpu|sc_datapath:datapath|sc_mmio:mmio|cycle_count[22]                     ; clk_cpu      ; clk_cpu     ; 0.000        ; 0.040      ; 0.425      ;
; 0.301 ; sc_cpu:cpu|sc_datapath:datapath|sc_mmio:mmio|cycle_count[16]                     ; sc_cpu:cpu|sc_datapath:datapath|sc_mmio:mmio|cycle_count[16]                     ; clk_cpu      ; clk_cpu     ; 0.000        ; 0.040      ; 0.425      ;
; 0.301 ; sc_cpu:cpu|sc_datapath:datapath|sc_mmio:mmio|cycle_count[14]                     ; sc_cpu:cpu|sc_datapath:datapath|sc_mmio:mmio|cycle_count[14]                     ; clk_cpu      ; clk_cpu     ; 0.000        ; 0.040      ; 0.425      ;
; 0.301 ; sc_cpu:cpu|sc_datapath:datapath|sc_mmio:mmio|cycle_count[13]                     ; sc_cpu:cpu|sc_datapath:datapath|sc_mmio:mmio|cycle_count[13]                     ; clk_cpu      ; clk_cpu     ; 0.000        ; 0.040      ; 0.425      ;
; 0.301 ; sc_cpu:cpu|sc_datapath:datapath|sc_mmio:mmio|sc_uart:uart_inst|tx_cnt[15]        ; sc_cpu:cpu|sc_datapath:datapath|sc_mmio:mmio|sc_uart:uart_inst|tx_cnt[15]        ; clk_cpu      ; clk_cpu     ; 0.000        ; 0.039      ; 0.424      ;
; 0.301 ; sc_cpu:cpu|sc_datapath:datapath|sc_mmio:mmio|cycle_count[8]                      ; sc_cpu:cpu|sc_datapath:datapath|sc_mmio:mmio|cycle_count[8]                      ; clk_cpu      ; clk_cpu     ; 0.000        ; 0.040      ; 0.425      ;
; 0.301 ; sc_cpu:cpu|sc_datapath:datapath|sc_mmio:mmio|sc_uart:uart_inst|rx_cnt[1]         ; sc_cpu:cpu|sc_datapath:datapath|sc_mmio:mmio|sc_uart:uart_inst|rx_cnt[1]         ; clk_cpu      ; clk_cpu     ; 0.000        ; 0.040      ; 0.425      ;
; 0.301 ; sc_cpu:cpu|sc_datapath:datapath|sc_mmio:mmio|sc_uart:uart_inst|rx_cnt[3]         ; sc_cpu:cpu|sc_datapath:datapath|sc_mmio:mmio|sc_uart:uart_inst|rx_cnt[3]         ; clk_cpu      ; clk_cpu     ; 0.000        ; 0.040      ; 0.425      ;
; 0.301 ; sc_cpu:cpu|sc_datapath:datapath|sc_mmio:mmio|sc_uart:uart_inst|rx_cnt[5]         ; sc_cpu:cpu|sc_datapath:datapath|sc_mmio:mmio|sc_uart:uart_inst|rx_cnt[5]         ; clk_cpu      ; clk_cpu     ; 0.000        ; 0.040      ; 0.425      ;
; 0.301 ; sc_cpu:cpu|sc_datapath:datapath|sc_mmio:mmio|sc_uart:uart_inst|rx_cnt[11]        ; sc_cpu:cpu|sc_datapath:datapath|sc_mmio:mmio|sc_uart:uart_inst|rx_cnt[11]        ; clk_cpu      ; clk_cpu     ; 0.000        ; 0.040      ; 0.425      ;
; 0.301 ; sc_cpu:cpu|sc_datapath:datapath|sc_mmio:mmio|sc_uart:uart_inst|rx_cnt[13]        ; sc_cpu:cpu|sc_datapath:datapath|sc_mmio:mmio|sc_uart:uart_inst|rx_cnt[13]        ; clk_cpu      ; clk_cpu     ; 0.000        ; 0.040      ; 0.425      ;
; 0.301 ; sc_cpu:cpu|sc_datapath:datapath|sc_mmio:mmio|cycle_count[5]                      ; sc_cpu:cpu|sc_datapath:datapath|sc_mmio:mmio|cycle_count[5]                      ; clk_cpu      ; clk_cpu     ; 0.000        ; 0.040      ; 0.425      ;
; 0.301 ; sc_cpu:cpu|sc_datapath:datapath|sc_mmio:mmio|cycle_count[3]                      ; sc_cpu:cpu|sc_datapath:datapath|sc_mmio:mmio|cycle_count[3]                      ; clk_cpu      ; clk_cpu     ; 0.000        ; 0.040      ; 0.425      ;
; 0.301 ; sc_cpu:cpu|sc_datapath:datapath|sc_mmio:mmio|cycle_count[2]                      ; sc_cpu:cpu|sc_datapath:datapath|sc_mmio:mmio|cycle_count[2]                      ; clk_cpu      ; clk_cpu     ; 0.000        ; 0.040      ; 0.425      ;
; 0.302 ; sc_cpu:cpu|sc_datapath:datapath|sc_mmio:mmio|cycle_count[30]                     ; sc_cpu:cpu|sc_datapath:datapath|sc_mmio:mmio|cycle_count[30]                     ; clk_cpu      ; clk_cpu     ; 0.000        ; 0.040      ; 0.426      ;
; 0.302 ; sc_cpu:cpu|sc_datapath:datapath|sc_mmio:mmio|cycle_count[29]                     ; sc_cpu:cpu|sc_datapath:datapath|sc_mmio:mmio|cycle_count[29]                     ; clk_cpu      ; clk_cpu     ; 0.000        ; 0.040      ; 0.426      ;
; 0.302 ; sc_cpu:cpu|sc_datapath:datapath|sc_mmio:mmio|cycle_count[27]                     ; sc_cpu:cpu|sc_datapath:datapath|sc_mmio:mmio|cycle_count[27]                     ; clk_cpu      ; clk_cpu     ; 0.000        ; 0.040      ; 0.426      ;
; 0.302 ; sc_cpu:cpu|sc_datapath:datapath|sc_mmio:mmio|cycle_count[24]                     ; sc_cpu:cpu|sc_datapath:datapath|sc_mmio:mmio|cycle_count[24]                     ; clk_cpu      ; clk_cpu     ; 0.000        ; 0.040      ; 0.426      ;
; 0.302 ; sc_cpu:cpu|sc_datapath:datapath|sc_mmio:mmio|cycle_count[21]                     ; sc_cpu:cpu|sc_datapath:datapath|sc_mmio:mmio|cycle_count[21]                     ; clk_cpu      ; clk_cpu     ; 0.000        ; 0.040      ; 0.426      ;
; 0.302 ; sc_cpu:cpu|sc_datapath:datapath|sc_mmio:mmio|cycle_count[20]                     ; sc_cpu:cpu|sc_datapath:datapath|sc_mmio:mmio|cycle_count[20]                     ; clk_cpu      ; clk_cpu     ; 0.000        ; 0.040      ; 0.426      ;
; 0.302 ; sc_cpu:cpu|sc_datapath:datapath|sc_mmio:mmio|cycle_count[19]                     ; sc_cpu:cpu|sc_datapath:datapath|sc_mmio:mmio|cycle_count[19]                     ; clk_cpu      ; clk_cpu     ; 0.000        ; 0.040      ; 0.426      ;
; 0.302 ; sc_cpu:cpu|sc_datapath:datapath|sc_mmio:mmio|cycle_count[18]                     ; sc_cpu:cpu|sc_datapath:datapath|sc_mmio:mmio|cycle_count[18]                     ; clk_cpu      ; clk_cpu     ; 0.000        ; 0.040      ; 0.426      ;
; 0.302 ; sc_cpu:cpu|sc_datapath:datapath|sc_mmio:mmio|cycle_count[17]                     ; sc_cpu:cpu|sc_datapath:datapath|sc_mmio:mmio|cycle_count[17]                     ; clk_cpu      ; clk_cpu     ; 0.000        ; 0.040      ; 0.426      ;
; 0.302 ; sc_cpu:cpu|sc_datapath:datapath|sc_mmio:mmio|cycle_count[11]                     ; sc_cpu:cpu|sc_datapath:datapath|sc_mmio:mmio|cycle_count[11]                     ; clk_cpu      ; clk_cpu     ; 0.000        ; 0.040      ; 0.426      ;
; 0.302 ; sc_cpu:cpu|sc_datapath:datapath|sc_mmio:mmio|cycle_count[10]                     ; sc_cpu:cpu|sc_datapath:datapath|sc_mmio:mmio|cycle_count[10]                     ; clk_cpu      ; clk_cpu     ; 0.000        ; 0.040      ; 0.426      ;
; 0.302 ; sc_cpu:cpu|sc_datapath:datapath|sc_mmio:mmio|sc_uart:uart_inst|tx_cnt[1]         ; sc_cpu:cpu|sc_datapath:datapath|sc_mmio:mmio|sc_uart:uart_inst|tx_cnt[1]         ; clk_cpu      ; clk_cpu     ; 0.000        ; 0.039      ; 0.425      ;
; 0.302 ; sc_cpu:cpu|sc_datapath:datapath|sc_mmio:mmio|sc_uart:uart_inst|tx_cnt[3]         ; sc_cpu:cpu|sc_datapath:datapath|sc_mmio:mmio|sc_uart:uart_inst|tx_cnt[3]         ; clk_cpu      ; clk_cpu     ; 0.000        ; 0.039      ; 0.425      ;
; 0.302 ; sc_cpu:cpu|sc_datapath:datapath|sc_mmio:mmio|sc_uart:uart_inst|tx_cnt[5]         ; sc_cpu:cpu|sc_datapath:datapath|sc_mmio:mmio|sc_uart:uart_inst|tx_cnt[5]         ; clk_cpu      ; clk_cpu     ; 0.000        ; 0.039      ; 0.425      ;
; 0.302 ; sc_cpu:cpu|sc_datapath:datapath|sc_mmio:mmio|sc_uart:uart_inst|tx_cnt[11]        ; sc_cpu:cpu|sc_datapath:datapath|sc_mmio:mmio|sc_uart:uart_inst|tx_cnt[11]        ; clk_cpu      ; clk_cpu     ; 0.000        ; 0.039      ; 0.425      ;
; 0.302 ; sc_cpu:cpu|sc_datapath:datapath|sc_mmio:mmio|sc_uart:uart_inst|tx_cnt[13]        ; sc_cpu:cpu|sc_datapath:datapath|sc_mmio:mmio|sc_uart:uart_inst|tx_cnt[13]        ; clk_cpu      ; clk_cpu     ; 0.000        ; 0.039      ; 0.425      ;
; 0.302 ; sc_cpu:cpu|sc_datapath:datapath|sc_mmio:mmio|cycle_count[7]                      ; sc_cpu:cpu|sc_datapath:datapath|sc_mmio:mmio|cycle_count[7]                      ; clk_cpu      ; clk_cpu     ; 0.000        ; 0.040      ; 0.426      ;
; 0.302 ; sc_cpu:cpu|sc_datapath:datapath|sc_mmio:mmio|sc_uart:uart_inst|rx_cnt[9]         ; sc_cpu:cpu|sc_datapath:datapath|sc_mmio:mmio|sc_uart:uart_inst|rx_cnt[9]         ; clk_cpu      ; clk_cpu     ; 0.000        ; 0.040      ; 0.426      ;
; 0.302 ; sc_cpu:cpu|sc_datapath:datapath|sc_mmio:mmio|sc_uart:uart_inst|rx_cnt[6]         ; sc_cpu:cpu|sc_datapath:datapath|sc_mmio:mmio|sc_uart:uart_inst|rx_cnt[6]         ; clk_cpu      ; clk_cpu     ; 0.000        ; 0.040      ; 0.426      ;
; 0.302 ; sc_cpu:cpu|sc_datapath:datapath|sc_mmio:mmio|sc_uart:uart_inst|rx_cnt[7]         ; sc_cpu:cpu|sc_datapath:datapath|sc_mmio:mmio|sc_uart:uart_inst|rx_cnt[7]         ; clk_cpu      ; clk_cpu     ; 0.000        ; 0.040      ; 0.426      ;
+-------+----------------------------------------------------------------------------------+----------------------------------------------------------------------------------+--------------+-------------+--------------+------------+------------+


----------------------------------------------
; Fast 1200mV 0C Model Metastability Summary ;
----------------------------------------------
The design MTBF is not calculated because there are no specified synchronizers in the design.
Number of Synchronizer Chains Found: 1
Shortest Synchronizer Chain: 2 Registers
Fraction of Chains for which MTBFs Could Not be Calculated: 1.000
Worst Case Available Settling Time: 197.600 ns




+------------------------------------------------------------------------------+
; Multicorner Timing Analysis Summary                                          ;
+------------------+--------+-------+----------+---------+---------------------+
; Clock            ; Setup  ; Hold  ; Recovery ; Removal ; Minimum Pulse Width ;
+------------------+--------+-------+----------+---------+---------------------+
; Worst-case Slack ; 60.290 ; 0.183 ; N/A      ; N/A     ; 9.574               ;
;  clk             ; N/A    ; N/A   ; N/A      ; N/A     ; 9.574               ;
;  clk_cpu         ; 60.290 ; 0.183 ; N/A      ; N/A     ; 49.705              ;
; Design-wide TNS  ; 0.0    ; 0.0   ; 0.0      ; 0.0     ; 0.0                 ;
;  clk             ; N/A    ; N/A   ; N/A      ; N/A     ; 0.000               ;
;  clk_cpu         ; 0.000  ; 0.000 ; N/A      ; N/A     ; 0.000               ;
+------------------+--------+-------+----------+---------+---------------------+


+------------------------------------------------------------------------------------------------------------------------------------------------------------------------------------------------------------------------------------------------------------------------------------------------------------------------------------------------------------------------------------------------------------------+
; Board Trace Model Assignments                                                                                                                                                                                                                                                                                                                                                                                    ;
+---------------+--------------+-------------------+-------------------------+-------------------------+---------------+---------------------+----------------+------------------+--------+------------------+------------------------+------------------------+--------------+---------------+-----------------+-------+---------------------+--------------------+---------------+-----------------+-------------+
; Pin           ; I/O Standard ; Near Tline Length ; Near Tline L per Length ; Near Tline C per Length ; Near Series R ; Near Differential R ; Near Pull-up R ; Near Pull-down R ; Near C ; Far Tline Length ; Far Tline L per Length ; Far Tline C per Length ; Far Series R ; Far Pull-up R ; Far Pull-down R ; Far C ; Termination Voltage ; Far Differential R ; EBD File Name ; EBD Signal Name ; EBD Far-end ;
+---------------+--------------+-------------------+-------------------------+-------------------------+---------------+---------------------+----------------+------------------+--------+------------------+------------------------+------------------------+--------------+---------------+-----------------+-------+---------------------+--------------------+---------------+-----------------+-------------+
; PC[0]         ; 2.5 V        ; 0 in              ; 0 H/in                  ; 0 F/in                  ; short         ; -                   ; open           ; open             ; open   ; 0 in             ; 0 H/in                 ; 0 F/in                 ; short        ; open          ; open            ; open  ; 0 V                 ; -                  ; n/a           ; n/a             ; n/a         ;
; PC[1]         ; 2.5 V        ; 0 in              ; 0 H/in                  ; 0 F/in                  ; short         ; -                   ; open           ; open             ; open   ; 0 in             ; 0 H/in                 ; 0 F/in                 ; short        ; open          ; open            ; open  ; 0 V                 ; -                  ; n/a           ; n/a             ; n/a         ;
; PC[2]         ; 2.5 V        ; 0 in              ; 0 H/in                  ; 0 F/in                  ; short         ; -                   ; open           ; open             ; open   ; 0 in             ; 0 H/in                 ; 0 F/in                 ; short        ; open          ; open            ; open  ; 0 V                 ; -                  ; n/a           ; n/a             ; n/a         ;
; PC[3]         ; 2.5 V        ; 0 in              ; 0 H/in                  ; 0 F/in                  ; short         ; -                   ; open           ; open             ; open   ; 0 in             ; 0 H/in                 ; 0 F/in                 ; short        ; open          ; open            ; open  ; 0 V                 ; -                  ; n/a           ; n/a             ; n/a         ;
; PC[4]         ; 2.5 V        ; 0 in              ; 0 H/in                  ; 0 F/in                  ; short         ; -                   ; open           ; open             ; open   ; 0 in             ; 0 H/in                 ; 0 F/in                 ; short        ; open          ; open            ; open  ; 0 V                 ; -                  ; n/a           ; n/a             ; n/a         ;
; PC[5]         ; 2.5 V        ; 0 in              ; 0 H/in                  ; 0 F/in                  ; short         ; -                   ; open           ; open             ; open   ; 0 in             ; 0 H/in                 ; 0 F/in                 ; short        ; open          ; open            ; open  ; 0 V                 ; -                  ; n/a           ; n/a             ; n/a         ;
; PC[6]         ; 2.5 V        ; 0 in              ; 0 H/in                  ; 0 F/in                  ; short         ; -                   ; open           ; open             ; open   ; 0 in             ; 0 H/in                 ; 0 F/in                 ; short        ; open          ; open            ; open  ; 0 V                 ; -                  ; n/a           ; n/a             ; n/a         ;
; PC[7]         ; 2.5 V        ; 0 in              ; 0 H/in                  ; 0 F/in                  ; short         ; -                   ; open           ; open             ; open   ; 0 in             ; 0 H/in                 ; 0 F/in                 ; short        ; open          ; open            ; open  ; 0 V                 ; -                  ; n/a           ; n/a             ; n/a         ;
; PC[8]         ; 2.5 V        ; 0 in              ; 0 H/in                  ; 0 F/in                  ; short         ; -                   ; open           ; open             ; open   ; 0 in             ; 0 H/in                 ; 0 F/in                 ; short        ; open          ; open            ; open  ; 0 V                 ; -                  ; n/a           ; n/a             ; n/a         ;
; PC[9]         ; 2.5 V        ; 0 in              ; 0 H/in                  ; 0 F/in                  ; short         ; -                   ; open           ; open             ; open   ; 0 in             ; 0 H/in                 ; 0 F/in                 ; short        ; open          ; open            ; open  ; 0 V                 ; -                  ; n/a           ; n/a             ; n/a         ;
; PC[10]        ; 2.5 V        ; 0 in              ; 0 H/in                  ; 0 F/in                  ; short         ; -                   ; open           ; open             ; open   ; 0 in             ; 0 H/in                 ; 0 F/in                 ; short        ; open          ; open            ; open  ; 0 V                 ; -                  ; n/a           ; n/a             ; n/a         ;
; PC[11]        ; 2.5 V        ; 0 in              ; 0 H/in                  ; 0 F/in                  ; short         ; -                   ; open           ; open             ; open   ; 0 in             ; 0 H/in                 ; 0 F/in                 ; short        ; open          ; open            ; open  ; 0 V                 ; -                  ; n/a           ; n/a             ; n/a         ;
; PC[12]        ; 2.5 V        ; 0 in              ; 0 H/in                  ; 0 F/in                  ; short         ; -                   ; open           ; open             ; open   ; 0 in             ; 0 H/in                 ; 0 F/in                 ; short        ; open          ; open            ; open  ; 0 V                 ; -                  ; n/a           ; n/a             ; n/a         ;
; PC[13]        ; 2.5 V        ; 0 in              ; 0 H/in                  ; 0 F/in                  ; short         ; -                   ; open           ; open             ; open   ; 0 in             ; 0 H/in                 ; 0 F/in                 ; short        ; open          ; open            ; open  ; 0 V                 ; -                  ; n/a           ; n/a             ; n/a         ;
; PC[14]        ; 2.5 V        ; 0 in              ; 0 H/in                  ; 0 F/in                  ; short         ; -                   ; open           ; open             ; open   ; 0 in             ; 0 H/in                 ; 0 F/in                 ; short        ; open          ; open            ; open  ; 0 V                 ; -                  ; n/a           ; n/a             ; n/a         ;
; PC[15]        ; 2.5 V        ; 0 in              ; 0 H/in                  ; 0 F/in                  ; short         ; -                   ; open           ; open             ; open   ; 0 in             ; 0 H/in                 ; 0 F/in                 ; short        ; open          ; open            ; open  ; 0 V                 ; -                  ; n/a           ; n/a             ; n/a         ;
; PC[16]        ; 2.5 V        ; 0 in              ; 0 H/in                  ; 0 F/in                  ; short         ; -                   ; open           ; open             ; open   ; 0 in             ; 0 H/in                 ; 0 F/in                 ; short        ; open          ; open            ; open  ; 0 V                 ; -                  ; n/a           ; n/a             ; n/a         ;
; PC[17]        ; 2.5 V        ; 0 in              ; 0 H/in                  ; 0 F/in                  ; short         ; -                   ; open           ; open             ; open   ; 0 in             ; 0 H/in                 ; 0 F/in                 ; short        ; open          ; open            ; open  ; 0 V                 ; -                  ; n/a           ; n/a             ; n/a         ;
; PC[18]        ; 2.5 V        ; 0 in              ; 0 H/in                  ; 0 F/in                  ; short         ; -                   ; open           ; open             ; open   ; 0 in             ; 0 H/in                 ; 0 F/in                 ; short        ; open          ; open            ; open  ; 0 V                 ; -                  ; n/a           ; n/a             ; n/a         ;
; PC[19]        ; 2.5 V        ; 0 in              ; 0 H/in                  ; 0 F/in                  ; short         ; -                   ; open           ; open             ; open   ; 0 in             ; 0 H/in                 ; 0 F/in                 ; short        ; open          ; open            ; open  ; 0 V                 ; -                  ; n/a           ; n/a             ; n/a         ;
; PC[20]        ; 2.5 V        ; 0 in              ; 0 H/in                  ; 0 F/in                  ; short         ; -                   ; open           ; open             ; open   ; 0 in             ; 0 H/in                 ; 0 F/in                 ; short        ; open          ; open            ; open  ; 0 V                 ; -                  ; n/a           ; n/a             ; n/a         ;
; PC[21]        ; 2.5 V        ; 0 in              ; 0 H/in                  ; 0 F/in                  ; short         ; -                   ; open           ; open             ; open   ; 0 in             ; 0 H/in                 ; 0 F/in                 ; short        ; open          ; open            ; open  ; 0 V                 ; -                  ; n/a           ; n/a             ; n/a         ;
; PC[22]        ; 2.5 V        ; 0 in              ; 0 H/in                  ; 0 F/in                  ; short         ; -                   ; open           ; open             ; open   ; 0 in             ; 0 H/in                 ; 0 F/in                 ; short        ; open          ; open            ; open  ; 0 V                 ; -                  ; n/a           ; n/a             ; n/a         ;
; PC[23]        ; 2.5 V        ; 0 in              ; 0 H/in                  ; 0 F/in                  ; short         ; -                   ; open           ; open             ; open   ; 0 in             ; 0 H/in                 ; 0 F/in                 ; short        ; open          ; open            ; open  ; 0 V                 ; -                  ; n/a           ; n/a             ; n/a         ;
; PC[24]        ; 2.5 V        ; 0 in              ; 0 H/in                  ; 0 F/in                  ; short         ; -                   ; open           ; open             ; open   ; 0 in             ; 0 H/in                 ; 0 F/in                 ; short        ; open          ; open            ; open  ; 0 V                 ; -                  ; n/a           ; n/a             ; n/a         ;
; PC[25]        ; 2.5 V        ; 0 in              ; 0 H/in                  ; 0 F/in                  ; short         ; -                   ; open           ; open             ; open   ; 0 in             ; 0 H/in                 ; 0 F/in                 ; short        ; open          ; open            ; open  ; 0 V                 ; -                  ; n/a           ; n/a             ; n/a         ;
; PC[26]        ; 2.5 V        ; 0 in              ; 0 H/in                  ; 0 F/in                  ; short         ; -                   ; open           ; open             ; open   ; 0 in             ; 0 H/in                 ; 0 F/in                 ; short        ; open          ; open            ; open  ; 0 V                 ; -                  ; n/a           ; n/a             ; n/a         ;
; PC[27]        ; 2.5 V        ; 0 in              ; 0 H/in                  ; 0 F/in                  ; short         ; -                   ; open           ; open             ; open   ; 0 in             ; 0 H/in                 ; 0 F/in                 ; short        ; open          ; open            ; open  ; 0 V                 ; -                  ; n/a           ; n/a             ; n/a         ;
; PC[28]        ; 2.5 V        ; 0 in              ; 0 H/in                  ; 0 F/in                  ; short         ; -                   ; open           ; open             ; open   ; 0 in             ; 0 H/in                 ; 0 F/in                 ; short        ; open          ; open            ; open  ; 0 V                 ; -                  ; n/a           ; n/a             ; n/a         ;
; PC[29]        ; 2.5 V        ; 0 in              ; 0 H/in                  ; 0 F/in                  ; short         ; -                   ; open           ; open             ; open   ; 0 in             ; 0 H/in                 ; 0 F/in                 ; short        ; open          ; open            ; open  ; 0 V                 ; -                  ; n/a           ; n/a             ; n/a         ;
; PC[30]        ; 2.5 V        ; 0 in              ; 0 H/in                  ; 0 F/in                  ; short         ; -                   ; open           ; open             ; open   ; 0 in             ; 0 H/in                 ; 0 F/in                 ; short        ; open          ; open            ; open  ; 0 V                 ; -                  ; n/a           ; n/a             ; n/a         ;
; PC[31]        ; 2.5 V        ; 0 in              ; 0 H/in                  ; 0 F/in                  ; short         ; -                   ; open           ; open             ; open   ; 0 in             ; 0 H/in                 ; 0 F/in                 ; short        ; open          ; open            ; open  ; 0 V                 ; -                  ; n/a           ; n/a             ; n/a         ;
; LEDR[0]       ; 2.5 V        ; 0 in              ; 0 H/in                  ; 0 F/in                  ; short         ; -                   ; open           ; open             ; open   ; 0 in             ; 0 H/in                 ; 0 F/in                 ; short        ; open          ; open            ; open  ; 0 V                 ; -                  ; n/a           ; n/a             ; n/a         ;
; LEDR[1]       ; 2.5 V        ; 0 in              ; 0 H/in                  ; 0 F/in                  ; short         ; -                   ; open           ; open             ; open   ; 0 in             ; 0 H/in                 ; 0 F/in                 ; short        ; open          ; open            ; open  ; 0 V                 ; -                  ; n/a           ; n/a             ; n/a         ;
; LEDR[2]       ; 2.5 V        ; 0 in              ; 0 H/in                  ; 0 F/in                  ; short         ; -                   ; open           ; open             ; open   ; 0 in             ; 0 H/in                 ; 0 F/in                 ; short        ; open          ; open            ; open  ; 0 V                 ; -                  ; n/a           ; n/a             ; n/a         ;
; LEDR[3]       ; 2.5 V        ; 0 in              ; 0 H/in                  ; 0 F/in                  ; short         ; -                   ; open           ; open             ; open   ; 0 in             ; 0 H/in                 ; 0 F/in                 ; short        ; open          ; open            ; open  ; 0 V                 ; -                  ; n/a           ; n/a             ; n/a         ;
; LEDR[4]       ; 2.5 V        ; 0 in              ; 0 H/in                  ; 0 F/in                  ; short         ; -                   ; open           ; open             ; open   ; 0 in             ; 0 H/in                 ; 0 F/in                 ; short        ; open          ; open            ; open  ; 0 V                 ; -                  ; n/a           ; n/a             ; n/a         ;
; LEDR[5]       ; 2.5 V        ; 0 in              ; 0 H/in                  ; 0 F/in                  ; short         ; -                   ; open           ; open             ; open   ; 0 in             ; 0 H/in                 ; 0 F/in                 ; short        ; open          ; open            ; open  ; 0 V                 ; -                  ; n/a           ; n/a             ; n/a         ;
; LEDR[6]       ; 2.5 V        ; 0 in              ; 0 H/in                  ; 0 F/in                  ; short         ; -                   ; open           ; open             ; open   ; 0 in             ; 0 H/in                 ; 0 F/in                 ; short        ; open          ; open            ; open  ; 0 V                 ; -                  ; n/a           ; n/a             ; n/a         ;
; LEDR[7]       ; 2.5 V        ; 0 in              ; 0 H/in                  ; 0 F/in                  ; short         ; -                   ; open           ; open             ; open   ; 0 in             ; 0 H/in                 ; 0 F/in                 ; short        ; open          ; open            ; open  ; 0 V                 ; -                  ; n/a           ; n/a             ; n/a         ;
; LEDR[8]       ; 2.5 V        ; 0 in              ; 0 H/in                  ; 0 F/in                  ; short         ; -                   ; open           ; open             ; open   ; 0 in             ; 0 H/in                 ; 0 F/in                 ; short        ; open          ; open            ; open  ; 0 V                 ; -                  ; n/a           ; n/a             ; n/a         ;
; LEDR[9]       ; 2.5 V        ; 0 in              ; 0 H/in                  ; 0 F/in                  ; short         ; -                   ; open           ; open             ; open   ; 0 in             ; 0 H/in                 ; 0 F/in                 ; short        ; open          ; open            ; open  ; 0 V                 ; -                  ; n/a           ; n/a             ; n/a         ;
; LEDR[10]      ; 2.5 V        ; 0 in              ; 0 H/in                  ; 0 F/in                  ; short         ; -                   ; open           ; open             ; open   ; 0 in             ; 0 H/in                 ; 0 F/in                 ; short        ; open          ; open            ; open  ; 0 V                 ; -                  ; n/a           ; n/a             ; n/a         ;
; LEDR[11]      ; 2.5 V        ; 0 in              ; 0 H/in                  ; 0 F/in                  ; short         ; -                   ; open           ; open             ; open   ; 0 in             ; 0 H/in                 ; 0 F/in                 ; short        ; open          ; open            ; open  ; 0 V                 ; -                  ; n/a           ; n/a             ; n/a         ;
; LEDR[12]      ; 2.5 V        ; 0 in              ; 0 H/in                  ; 0 F/in                  ; short         ; -                   ; open           ; open             ; open   ; 0 in             ; 0 H/in                 ; 0 F/in                 ; short        ; open          ; open            ; open  ; 0 V                 ; -                  ; n/a           ; n/a             ; n/a         ;
; LEDR[13]      ; 2.5 V        ; 0 in              ; 0 H/in                  ; 0 F/in                  ; short         ; -                   ; open           ; open             ; open   ; 0 in             ; 0 H/in                 ; 0 F/in                 ; short        ; open          ; open            ; open  ; 0 V                 ; -                  ; n/a           ; n/a             ; n/a         ;
; LEDR[14]      ; 2.5 V        ; 0 in              ; 0 H/in                  ; 0 F/in                  ; short         ; -                   ; open           ; open             ; open   ; 0 in             ; 0 H/in                 ; 0 F/in                 ; short        ; open          ; open            ; open  ; 0 V                 ; -                  ; n/a           ; n/a             ; n/a         ;
; LEDR[15]      ; 2.5 V        ; 0 in              ; 0 H/in                  ; 0 F/in                  ; short         ; -                   ; open           ; open             ; open   ; 0 in             ; 0 H/in                 ; 0 F/in                 ; short        ; open          ; open            ; open  ; 0 V                 ; -                  ; n/a           ; n/a             ; n/a         ;
; LEDR[16]      ; 2.5 V        ; 0 in              ; 0 H/in                  ; 0 F/in                  ; short         ; -                   ; open           ; open             ; open   ; 0 in             ; 0 H/in                 ; 0 F/in                 ; short        ; open          ; open            ; open  ; 0 V                 ; -                  ; n/a           ; n/a             ; n/a         ;
; LEDR[17]      ; 2.5 V        ; 0 in              ; 0 H/in                  ; 0 F/in                  ; short         ; -                   ; open           ; open             ; open   ; 0 in             ; 0 H/in                 ; 0 F/in                 ; short        ; open          ; open            ; open  ; 0 V                 ; -                  ; n/a           ; n/a             ; n/a         ;
; LEDG[0]       ; 2.5 V        ; 0 in              ; 0 H/in                  ; 0 F/in                  ; short         ; -                   ; open           ; open             ; open   ; 0 in             ; 0 H/in                 ; 0 F/in                 ; short        ; open          ; open            ; open  ; 0 V                 ; -                  ; n/a           ; n/a             ; n/a         ;
; LEDG[1]       ; 2.5 V        ; 0 in              ; 0 H/in                  ; 0 F/in                  ; short         ; -                   ; open           ; open             ; open   ; 0 in             ; 0 H/in                 ; 0 F/in                 ; short        ; open          ; open            ; open  ; 0 V                 ; -                  ; n/a           ; n/a             ; n/a         ;
; LEDG[2]       ; 2.5 V        ; 0 in              ; 0 H/in                  ; 0 F/in                  ; short         ; -                   ; open           ; open             ; open   ; 0 in             ; 0 H/in                 ; 0 F/in                 ; short        ; open          ; open            ; open  ; 0 V                 ; -                  ; n/a           ; n/a             ; n/a         ;
; LEDG[3]       ; 2.5 V        ; 0 in              ; 0 H/in                  ; 0 F/in                  ; short         ; -                   ; open           ; open             ; open   ; 0 in             ; 0 H/in                 ; 0 F/in                 ; short        ; open          ; open            ; open  ; 0 V                 ; -                  ; n/a           ; n/a             ; n/a         ;
; LEDG[4]       ; 2.5 V        ; 0 in              ; 0 H/in                  ; 0 F/in                  ; short         ; -                   ; open           ; open             ; open   ; 0 in             ; 0 H/in                 ; 0 F/in                 ; short        ; open          ; open            ; open  ; 0 V                 ; -                  ; n/a           ; n/a             ; n/a         ;
; LEDG[5]       ; 2.5 V        ; 0 in              ; 0 H/in                  ; 0 F/in                  ; short         ; -                   ; open           ; open             ; open   ; 0 in             ; 0 H/in                 ; 0 F/in                 ; short        ; open          ; open            ; open  ; 0 V                 ; -                  ; n/a           ; n/a             ; n/a         ;
; LEDG[6]       ; 2.5 V        ; 0 in              ; 0 H/in                  ; 0 F/in                  ; short         ; -                   ; open           ; open             ; open   ; 0 in             ; 0 H/in                 ; 0 F/in                 ; short        ; open          ; open            ; open  ; 0 V                 ; -                  ; n/a           ; n/a             ; n/a         ;
; LEDG[7]       ; 2.5 V        ; 0 in              ; 0 H/in                  ; 0 F/in                  ; short         ; -                   ; open           ; open             ; open   ; 0 in             ; 0 H/in                 ; 0 F/in                 ; short        ; open          ; open            ; open  ; 0 V                 ; -                  ; n/a           ; n/a             ; n/a         ;
; LEDG[8]       ; 2.5 V        ; 0 in              ; 0 H/in                  ; 0 F/in                  ; short         ; -                   ; open           ; open             ; open   ; 0 in             ; 0 H/in                 ; 0 F/in                 ; short        ; open          ; open            ; open  ; 0 V                 ; -                  ; n/a           ; n/a             ; n/a         ;
; UART_TXD      ; 2.5 V        ; 0 in              ; 0 H/in                  ; 0 F/in                  ; short         ; -                   ; open           ; open             ; open   ; 0 in             ; 0 H/in                 ; 0 F/in                 ; short        ; open          ; open            ; open  ; 0 V                 ; -                  ; n/a           ; n/a             ; n/a         ;
; ~ALTERA_DCLK~ ; 2.5 V        ; 0 in              ; 0 H/in                  ; 0 F/in                  ; short         ; -                   ; open           ; open             ; open   ; 0 in             ; 0 H/in                 ; 0 F/in                 ; short        ; open          ; open            ; open  ; 0 V                 ; -                  ; n/a           ; n/a             ; n/a         ;
; ~ALTERA_nCEO~ ; 2.5 V        ; 0 in              ; 0 H/in                  ; 0 F/in                  ; short         ; -                   ; open           ; open             ; open   ; 0 in             ; 0 H/in                 ; 0 F/in                 ; short        ; open          ; open            ; open  ; 0 V                 ; -                  ; n/a           ; n/a             ; n/a         ;
+---------------+--------------+-------------------+-------------------------+-------------------------+---------------+---------------------+----------------+------------------+--------+------------------+------------------------+------------------------+--------------+---------------+-----------------+-------+---------------------+--------------------+---------------+-----------------+-------------+


+----------------------------------------------------------------------------+
; Input Transition Times                                                     ;
+-------------------------+--------------+-----------------+-----------------+
; Pin                     ; I/O Standard ; 10-90 Rise Time ; 90-10 Fall Time ;
+-------------------------+--------------+-----------------+-----------------+
; KEY[0]                  ; 2.5 V        ; 2000 ps         ; 2000 ps         ;
; clk                     ; 2.5 V        ; 2000 ps         ; 2000 ps         ;
; SW[17]                  ; 2.5 V        ; 2000 ps         ; 2000 ps         ;
; SW[16]                  ; 2.5 V        ; 2000 ps         ; 2000 ps         ;
; SW[15]                  ; 2.5 V        ; 2000 ps         ; 2000 ps         ;
; SW[14]                  ; 2.5 V        ; 2000 ps         ; 2000 ps         ;
; SW[13]                  ; 2.5 V        ; 2000 ps         ; 2000 ps         ;
; SW[12]                  ; 2.5 V        ; 2000 ps         ; 2000 ps         ;
; SW[11]                  ; 2.5 V        ; 2000 ps         ; 2000 ps         ;
; SW[10]                  ; 2.5 V        ; 2000 ps         ; 2000 ps         ;
; SW[9]                   ; 2.5 V        ; 2000 ps         ; 2000 ps         ;
; SW[8]                   ; 2.5 V        ; 2000 ps         ; 2000 ps         ;
; SW[7]                   ; 2.5 V        ; 2000 ps         ; 2000 ps         ;
; SW[6]                   ; 2.5 V        ; 2000 ps         ; 2000 ps         ;
; SW[5]                   ; 2.5 V        ; 2000 ps         ; 2000 ps         ;
; SW[4]                   ; 2.5 V        ; 2000 ps         ; 2000 ps         ;
; KEY[3]                  ; 2.5 V        ; 2000 ps         ; 2000 ps         ;
; SW[3]                   ; 2.5 V        ; 2000 ps         ; 2000 ps         ;
; KEY[2]                  ; 2.5 V        ; 2000 ps         ; 2000 ps         ;
; SW[2]                   ; 2.5 V        ; 2000 ps         ; 2000 ps         ;
; KEY[1]                  ; 2.5 V        ; 2000 ps         ; 2000 ps         ;
; SW[1]                   ; 2.5 V        ; 2000 ps         ; 2000 ps         ;
; SW[0]                   ; 2.5 V        ; 2000 ps         ; 2000 ps         ;
; UART_RXD                ; 2.5 V        ; 2000 ps         ; 2000 ps         ;
; ~ALTERA_ASDO_DATA1~     ; 2.5 V        ; 2000 ps         ; 2000 ps         ;
; ~ALTERA_FLASH_nCE_nCSO~ ; 2.5 V        ; 2000 ps         ; 2000 ps         ;
; ~ALTERA_DATA0~          ; 2.5 V        ; 2000 ps         ; 2000 ps         ;
+-------------------------+--------------+-----------------+-----------------+


+--------------------------------------------------------------------------------------------------------------------------------------------------------------------------------------------------------------------------------------------------------------------------------------------------------------------------------------------------------------------------------------------------------------------------------------------------------------------------------------------------------------------------------------------------------------------------------------------------------------------------------------------------------------------------------------------+
; Signal Integrity Metrics (Slow 1200mv 0c Model)                                                                                                                                                                                                                                                                                                                                                                                                                                                                                                                                                                                                                                            ;
+---------------+--------------+---------------------+---------------------+------------------------------+------------------------------+---------------------+---------------------+--------------------------------------+--------------------------------------+-----------------------------+-----------------------------+----------------------------+----------------------------+-----------------------------+-----------------------------+--------------------+--------------------+-------------------------------------+-------------------------------------+----------------------------+----------------------------+---------------------------+---------------------------+
; Pin           ; I/O Standard ; Board Delay on Rise ; Board Delay on Fall ; Steady State Voh at FPGA Pin ; Steady State Vol at FPGA Pin ; Voh Max at FPGA Pin ; Vol Min at FPGA Pin ; Ringback Voltage on Rise at FPGA Pin ; Ringback Voltage on Fall at FPGA Pin ; 10-90 Rise Time at FPGA Pin ; 90-10 Fall Time at FPGA Pin ; Monotonic Rise at FPGA Pin ; Monotonic Fall at FPGA Pin ; Steady State Voh at Far-end ; Steady State Vol at Far-end ; Voh Max at Far-end ; Vol Min at Far-end ; Ringback Voltage on Rise at Far-end ; Ringback Voltage on Fall at Far-end ; 10-90 Rise Time at Far-end ; 90-10 Fall Time at Far-end ; Monotonic Rise at Far-end ; Monotonic Fall at Far-end ;
+---------------+--------------+---------------------+---------------------+------------------------------+------------------------------+---------------------+---------------------+--------------------------------------+--------------------------------------+-----------------------------+-----------------------------+----------------------------+----------------------------+-----------------------------+-----------------------------+--------------------+--------------------+-------------------------------------+-------------------------------------+----------------------------+----------------------------+---------------------------+---------------------------+
; PC[0]         ; 2.5 V        ; 0 s                 ; 0 s                 ; 2.32 V                       ; 4.49e-09 V                   ; 2.38 V              ; -0.00552 V          ; 0.096 V                              ; 0.019 V                              ; 4.18e-10 s                  ; 3.59e-10 s                  ; No                         ; Yes                        ; 2.32 V                      ; 4.49e-09 V                  ; 2.38 V             ; -0.00552 V         ; 0.096 V                             ; 0.019 V                             ; 4.18e-10 s                 ; 3.59e-10 s                 ; No                        ; Yes                       ;
; PC[1]         ; 2.5 V        ; 0 s                 ; 0 s                 ; 2.32 V                       ; 4.49e-09 V                   ; 2.38 V              ; -0.00552 V          ; 0.096 V                              ; 0.019 V                              ; 4.18e-10 s                  ; 3.59e-10 s                  ; No                         ; Yes                        ; 2.32 V                      ; 4.49e-09 V                  ; 2.38 V             ; -0.00552 V         ; 0.096 V                             ; 0.019 V                             ; 4.18e-10 s                 ; 3.59e-10 s                 ; No                        ; Yes                       ;
; PC[2]         ; 2.5 V        ; 0 s                 ; 0 s                 ; 2.32 V                       ; 4.49e-09 V                   ; 2.38 V              ; -0.00552 V          ; 0.096 V                              ; 0.019 V                              ; 4.18e-10 s                  ; 3.59e-10 s                  ; No                         ; Yes                        ; 2.32 V                      ; 4.49e-09 V                  ; 2.38 V             ; -0.00552 V         ; 0.096 V                             ; 0.019 V                             ; 4.18e-10 s                 ; 3.59e-10 s                 ; No                        ; Yes                       ;
; PC[3]         ; 2.5 V        ; 0 s                 ; 0 s                 ; 2.32 V                       ; 4.49e-09 V                   ; 2.38 V              ; -0.00552 V          ; 0.096 V                              ; 0.019 V                              ; 4.18e-10 s                  ; 3.59e-10 s                  ; No                         ; Yes                        ; 2.32 V                      ; 4.49e-09 V                  ; 2.38 V             ; -0.00552 V         ; 0.096 V                             ; 0.019 V                             ; 4.18e-10 s                 ; 3.59e-10 s                 ; No                        ; Yes                       ;
; PC[4]         ; 2.5 V        ; 0 s                 ; 0 s                 ; 2.32 V                       ; 4.49e-09 V                   ; 2.38 V              ; -0.00552 V          ; 0.096 V                              ; 0.019 V                              ; 4.18e-10 s                  ; 3.59e-10 s                  ; No                         ; Yes                        ; 2.32 V                      ; 4.49e-09 V                  ; 2.38 V             ; -0.00552 V         ; 0.096 V                             ; 0.019 V                             ; 4.18e-10 s                 ; 3.59e-10 s                 ; No                        ; Yes                       ;
; PC[5]         ; 2.5 V        ; 0 s                 ; 0 s                 ; 2.32 V                       ; 4.49e-09 V                   ; 2.33 V              ; -0.00467 V          ; 0.226 V                              ; 0.087 V                              ; 2.91e-09 s                  ; 2.74e-09 s                  ; Yes                        ; Yes                        ; 2.32 V                      ; 4.49e-09 V                  ; 2.33 V             ; -0.00467 V         ; 0.226 V                             ; 0.087 V                             ; 2.91e-09 s                 ; 2.74e-09 s                 ; Yes                       ; Yes                       ;
; PC[6]         ; 2.5 V        ; 0 s                 ; 0 s                 ; 2.32 V                       ; 4.49e-09 V                   ; 2.38 V              ; -0.00552 V          ; 0.096 V                              ; 0.019 V                              ; 4.18e-10 s                  ; 3.59e-10 s                  ; No                         ; Yes                        ; 2.32 V                      ; 4.49e-09 V                  ; 2.38 V             ; -0.00552 V         ; 0.096 V                             ; 0.019 V                             ; 4.18e-10 s                 ; 3.59e-10 s                 ; No                        ; Yes                       ;
; PC[7]         ; 2.5 V        ; 0 s                 ; 0 s                 ; 2.32 V                       ; 4.49e-09 V                   ; 2.38 V              ; -0.00552 V          ; 0.096 V                              ; 0.019 V                              ; 4.18e-10 s                  ; 3.59e-10 s                  ; No                         ; Yes                        ; 2.32 V                      ; 4.49e-09 V                  ; 2.38 V             ; -0.00552 V         ; 0.096 V                             ; 0.019 V                             ; 4.18e-10 s                 ; 3.59e-10 s                 ; No                        ; Yes                       ;
; PC[8]         ; 2.5 V        ; 0 s                 ; 0 s                 ; 2.32 V                       ; 4.49e-09 V                   ; 2.38 V              ; -0.00552 V          ; 0.096 V                              ; 0.019 V                              ; 4.18e-10 s                  ; 3.59e-10 s                  ; No                         ; Yes                        ; 2.32 V                      ; 4.49e-09 V                  ; 2.38 V             ; -0.00552 V         ; 0.096 V                             ; 0.019 V                             ; 4.18e-10 s                 ; 3.59e-10 s                 ; No                        ; Yes                       ;
; PC[9]         ; 2.5 V        ; 0 s                 ; 0 s                 ; 2.32 V                       ; 4.49e-09 V                   ; 2.38 V              ; -0.00552 V          ; 0.096 V                              ; 0.019 V                              ; 4.18e-10 s                  ; 3.59e-10 s                  ; No                         ; Yes                        ; 2.32 V                      ; 4.49e-09 V                  ; 2.38 V             ; -0.00552 V         ; 0.096 V                             ; 0.019 V                             ; 4.18e-10 s                 ; 3.59e-10 s                 ; No                        ; Yes                       ;
; PC[10]        ; 2.5 V        ; 0 s                 ; 0 s                 ; 2.32 V                       ; 4.49e-09 V                   ; 2.38 V              ; -0.00552 V          ; 0.096 V                              ; 0.019 V                              ; 4.18e-10 s                  ; 3.59e-10 s                  ; No                         ; Yes                        ; 2.32 V                      ; 4.49e-09 V                  ; 2.38 V             ; -0.00552 V         ; 0.096 V                             ; 0.019 V                             ; 4.18e-10 s                 ; 3.59e-10 s                 ; No                        ; Yes                       ;
; PC[11]        ; 2.5 V        ; 0 s                 ; 0 s                 ; 2.32 V                       ; 4.49e-09 V                   ; 2.38 V              ; -0.00552 V          ; 0.096 V                              ; 0.019 V                              ; 4.18e-10 s                  ; 3.59e-10 s                  ; No                         ; Yes                        ; 2.32 V                      ; 4.49e-09 V                  ; 2.38 V             ; -0.00552 V         ; 0.096 V                             ; 0.019 V                             ; 4.18e-10 s                 ; 3.59e-10 s                 ; No                        ; Yes                       ;
; PC[12]        ; 2.5 V        ; 0 s                 ; 0 s                 ; 2.32 V                       ; 4.49e-09 V                   ; 2.38 V              ; -0.00552 V          ; 0.096 V                              ; 0.019 V                              ; 4.18e-10 s                  ; 3.59e-10 s                  ; No                         ; Yes                        ; 2.32 V                      ; 4.49e-09 V                  ; 2.38 V             ; -0.00552 V         ; 0.096 V                             ; 0.019 V                             ; 4.18e-10 s                 ; 3.59e-10 s                 ; No                        ; Yes                       ;
; PC[13]        ; 2.5 V        ; 0 s                 ; 0 s                 ; 2.32 V                       ; 4.49e-09 V                   ; 2.38 V              ; -0.00552 V          ; 0.096 V                              ; 0.019 V                              ; 4.18e-10 s                  ; 3.59e-10 s                  ; No                         ; Yes                        ; 2.32 V                      ; 4.49e-09 V                  ; 2.38 V             ; -0.00552 V         ; 0.096 V                             ; 0.019 V                             ; 4.18e-10 s                 ; 3.59e-10 s                 ; No                        ; Yes                       ;
; PC[14]        ; 2.5 V        ; 0 s                 ; 0 s                 ; 2.32 V                       ; 4.49e-09 V                   ; 2.38 V              ; -0.00552 V          ; 0.096 V                              ; 0.019 V                              ; 4.18e-10 s                  ; 3.59e-10 s                  ; No                         ; Yes                        ; 2.32 V                      ; 4.49e-09 V                  ; 2.38 V             ; -0.00552 V         ; 0.096 V                             ; 0.019 V                             ; 4.18e-10 s                 ; 3.59e-10 s                 ; No                        ; Yes                       ;
; PC[15]        ; 2.5 V        ; 0 s                 ; 0 s                 ; 2.32 V                       ; 4.49e-09 V                   ; 2.38 V              ; -0.00552 V          ; 0.096 V                              ; 0.019 V                              ; 4.18e-10 s                  ; 3.59e-10 s                  ; No                         ; Yes                        ; 2.32 V                      ; 4.49e-09 V                  ; 2.38 V             ; -0.00552 V         ; 0.096 V                             ; 0.019 V                             ; 4.18e-10 s                 ; 3.59e-10 s                 ; No                        ; Yes                       ;
; PC[16]        ; 2.5 V        ; 0 s                 ; 0 s                 ; 2.32 V                       ; 4.49e-09 V                   ; 2.38 V              ; -0.00552 V          ; 0.096 V                              ; 0.019 V                              ; 4.18e-10 s                  ; 3.59e-10 s                  ; No                         ; Yes                        ; 2.32 V                      ; 4.49e-09 V                  ; 2.38 V             ; -0.00552 V         ; 0.096 V                             ; 0.019 V                             ; 4.18e-10 s                 ; 3.59e-10 s                 ; No                        ; Yes                       ;
; PC[17]        ; 2.5 V        ; 0 s                 ; 0 s                 ; 2.32 V                       ; 4.49e-09 V                   ; 2.38 V              ; -0.00552 V          ; 0.096 V                              ; 0.019 V                              ; 4.18e-10 s                  ; 3.59e-10 s                  ; No                         ; Yes                        ; 2.32 V                      ; 4.49e-09 V                  ; 2.38 V             ; -0.00552 V         ; 0.096 V                             ; 0.019 V                             ; 4.18e-10 s                 ; 3.59e-10 s                 ; No                        ; Yes                       ;
; PC[18]        ; 2.5 V        ; 0 s                 ; 0 s                 ; 2.32 V                       ; 4.49e-09 V                   ; 2.38 V              ; -0.00552 V          ; 0.096 V                              ; 0.019 V                              ; 4.18e-10 s                  ; 3.59e-10 s                  ; No                         ; Yes                        ; 2.32 V                      ; 4.49e-09 V                  ; 2.38 V             ; -0.00552 V         ; 0.096 V                             ; 0.019 V                             ; 4.18e-10 s                 ; 3.59e-10 s                 ; No                        ; Yes                       ;
; PC[19]        ; 2.5 V        ; 0 s                 ; 0 s                 ; 2.32 V                       ; 4.49e-09 V                   ; 2.38 V              ; -0.00552 V          ; 0.096 V                              ; 0.019 V                              ; 4.18e-10 s                  ; 3.59e-10 s                  ; No                         ; Yes                        ; 2.32 V                      ; 4.49e-09 V                  ; 2.38 V             ; -0.00552 V         ; 0.096 V                             ; 0.019 V                             ; 4.18e-10 s                 ; 3.59e-10 s                 ; No                        ; Yes                       ;
; PC[20]        ; 2.5 V        ; 0 s                 ; 0 s                 ; 2.32 V                       ; 4.49e-09 V                   ; 2.38 V              ; -0.00552 V          ; 0.096 V                              ; 0.019 V                              ; 4.18e-10 s                  ; 3.59e-10 s                  ; No                         ; Yes                        ; 2.32 V                      ; 4.49e-09 V                  ; 2.38 V             ; -0.00552 V         ; 0.096 V                             ; 0.019 V                             ; 4.18e-10 s                 ; 3.59e-10 s                 ; No                        ; Yes                       ;
; PC[21]        ; 2.5 V        ; 0 s                 ; 0 s                 ; 2.32 V                       ; 4.49e-09 V                   ; 2.38 V              ; -0.00552 V          ; 0.096 V                              ; 0.019 V                              ; 4.18e-10 s                  ; 3.59e-10 s                  ; No                         ; Yes                        ; 2.32 V                      ; 4.49e-09 V                  ; 2.38 V             ; -0.00552 V         ; 0.096 V                             ; 0.019 V                             ; 4.18e-10 s                 ; 3.59e-10 s                 ; No                        ; Yes                       ;
; PC[22]        ; 2.5 V        ; 0 s                 ; 0 s                 ; 2.32 V                       ; 4.49e-09 V                   ; 2.38 V              ; -0.00552 V          ; 0.096 V                              ; 0.019 V                              ; 4.18e-10 s                  ; 3.59e-10 s                  ; No                         ; Yes                        ; 2.32 V                      ; 4.49e-09 V                  ; 2.38 V             ; -0.00552 V         ; 0.096 V                             ; 0.019 V                             ; 4.18e-10 s                 ; 3.59e-10 s                 ; No                        ; Yes                       ;
; PC[23]        ; 2.5 V        ; 0 s                 ; 0 s                 ; 2.32 V                       ; 4.49e-09 V                   ; 2.38 V              ; -0.00552 V          ; 0.096 V                              ; 0.019 V                              ; 4.18e-10 s                  ; 3.59e-10 s                  ; No                         ; Yes                        ; 2.32 V                      ; 4.49e-09 V                  ; 2.38 V             ; -0.00552 V         ; 0.096 V                             ; 0.019 V                             ; 4.18e-10 s                 ; 3.59e-10 s                 ; No                        ; Yes                       ;
; PC[24]        ; 2.5 V        ; 0 s                 ; 0 s                 ; 2.32 V                       ; 4.49e-09 V                   ; 2.38 V              ; -0.00552 V          ; 0.096 V                              ; 0.019 V                              ; 4.18e-10 s                  ; 3.59e-10 s                  ; No                         ; Yes                        ; 2.32 V                      ; 4.49e-09 V                  ; 2.38 V             ; -0.00552 V         ; 0.096 V                             ; 0.019 V                             ; 4.18e-10 s                 ; 3.59e-10 s                 ; No                        ; Yes                       ;
; PC[25]        ; 2.5 V        ; 0 s                 ; 0 s                 ; 2.32 V                       ; 4.49e-09 V                   ; 2.38 V              ; -0.00552 V          ; 0.096 V                              ; 0.019 V                              ; 4.18e-10 s                  ; 3.59e-10 s                  ; No                         ; Yes                        ; 2.32 V                      ; 4.49e-09 V                  ; 2.38 V             ; -0.00552 V         ; 0.096 V                             ; 0.019 V                             ; 4.18e-10 s                 ; 3.59e-10 s                 ; No                        ; Yes                       ;
; PC[26]        ; 2.5 V        ; 0 s                 ; 0 s                 ; 2.32 V                       ; 4.49e-09 V                   ; 2.38 V              ; -0.00552 V          ; 0.096 V                              ; 0.019 V                              ; 4.18e-10 s                  ; 3.59e-10 s                  ; No                         ; Yes                        ; 2.32 V                      ; 4.49e-09 V                  ; 2.38 V             ; -0.00552 V         ; 0.096 V                             ; 0.019 V                             ; 4.18e-10 s                 ; 3.59e-10 s                 ; No                        ; Yes                       ;
; PC[27]        ; 2.5 V        ; 0 s                 ; 0 s                 ; 2.32 V                       ; 4.49e-09 V                   ; 2.38 V              ; -0.00552 V          ; 0.096 V                              ; 0.019 V                              ; 4.18e-10 s                  ; 3.59e-10 s                  ; No                         ; Yes                        ; 2.32 V                      ; 4.49e-09 V                  ; 2.38 V             ; -0.00552 V         ; 0.096 V                             ; 0.019 V                             ; 4.18e-10 s                 ; 3.59e-10 s                 ; No                        ; Yes                       ;
; PC[28]        ; 2.5 V        ; 0 s                 ; 0 s                 ; 2.32 V                       ; 4.49e-09 V                   ; 2.38 V              ; -0.00552 V          ; 0.096 V                              ; 0.019 V                              ; 4.18e-10 s                  ; 3.59e-10 s                  ; No                         ; Yes                        ; 2.32 V                      ; 4.49e-09 V                  ; 2.38 V             ; -0.00552 V         ; 0.096 V                             ; 0.019 V                             ; 4.18e-10 s                 ; 3.59e-10 s                 ; No                        ; Yes                       ;
; PC[29]        ; 2.5 V        ; 0 s                 ; 0 s                 ; 2.32 V                       ; 4.49e-09 V                   ; 2.38 V              ; -0.00552 V          ; 0.096 V                              ; 0.019 V                              ; 4.18e-10 s                  ; 3.59e-10 s                  ; No                         ; Yes                        ; 2.32 V                      ; 4.49e-09 V                  ; 2.38 V             ; -0.00552 V         ; 0.096 V                             ; 0.019 V                             ; 4.18e-10 s                 ; 3.59e-10 s                 ; No                        ; Yes                       ;
; PC[30]        ; 2.5 V        ; 0 s                 ; 0 s                 ; 2.32 V                       ; 4.49e-09 V                   ; 2.38 V              ; -0.00552 V          ; 0.096 V                              ; 0.019 V                              ; 4.18e-10 s                  ; 3.59e-10 s                  ; No                         ; Yes                        ; 2.32 V                      ; 4.49e-09 V                  ; 2.38 V             ; -0.00552 V         ; 0.096 V                             ; 0.019 V                             ; 4.18e-10 s                 ; 3.59e-10 s                 ; No                        ; Yes                       ;
; PC[31]        ; 2.5 V        ; 0 s                 ; 0 s                 ; 2.32 V                       ; 4.49e-09 V                   ; 2.38 V              ; -0.00552 V          ; 0.096 V                              ; 0.019 V                              ; 4.18e-10 s                  ; 3.59e-10 s                  ; No                         ; Yes                        ; 2.32 V                      ; 4.49e-09 V                  ; 2.38 V             ; -0.00552 V         ; 0.096 V                             ; 0.019 V                             ; 4.18e-10 s                 ; 3.59e-10 s                 ; No                        ; Yes                       ;
; LEDR[0]       ; 2.5 V        ; 0 s                 ; 0 s                 ; 2.32 V                       ; 4.49e-09 V                   ; 2.38 V              ; -0.00552 V          ; 0.096 V                              ; 0.019 V                              ; 4.18e-10 s                  ; 3.59e-10 s                  ; No                         ; Yes                        ; 2.32 V                      ; 4.49e-09 V                  ; 2.38 V             ; -0.00552 V         ; 0.096 V                             ; 0.019 V                             ; 4.18e-10 s                 ; 3.59e-10 s                 ; No                        ; Yes                       ;
; LEDR[1]       ; 2.5 V        ; 0 s                 ; 0 s                 ; 2.32 V                       ; 4.49e-09 V                   ; 2.38 V              ; -0.00552 V          ; 0.096 V                              ; 0.019 V                              ; 4.18e-10 s                  ; 3.59e-10 s                  ; No                         ; Yes                        ; 2.32 V                      ; 4.49e-09 V                  ; 2.38 V             ; -0.00552 V         ; 0.096 V                             ; 0.019 V                             ; 4.18e-10 s                 ; 3.59e-10 s                 ; No                        ; Yes                       ;
; LEDR[2]       ; 2.5 V        ; 0 s                 ; 0 s                 ; 2.32 V                       ; 4.49e-09 V                   ; 2.38 V              ; -0.00552 V          ; 0.096 V                              ; 0.019 V                              ; 4.18e-10 s                  ; 3.59e-10 s                  ; No                         ; Yes                        ; 2.32 V                      ; 4.49e-09 V                  ; 2.38 V             ; -0.00552 V         ; 0.096 V                             ; 0.019 V                             ; 4.18e-10 s                 ; 3.59e-10 s                 ; No                        ; Yes                       ;
; LEDR[3]       ; 2.5 V        ; 0 s                 ; 0 s                 ; 2.32 V                       ; 4.49e-09 V                   ; 2.38 V              ; -0.00552 V          ; 0.096 V                              ; 0.019 V                              ; 4.18e-10 s                  ; 3.59e-10 s                  ; No                         ; Yes                        ; 2.32 V                      ; 4.49e-09 V                  ; 2.38 V             ; -0.00552 V         ; 0.096 V                             ; 0.019 V                             ; 4.18e-10 s                 ; 3.59e-10 s                 ; No                        ; Yes                       ;
; LEDR[4]       ; 2.5 V        ; 0 s                 ; 0 s                 ; 2.32 V                       ; 4.49e-09 V                   ; 2.38 V              ; -0.00552 V          ; 0.096 V                              ; 0.019 V                              ; 4.18e-10 s                  ; 3.59e-10 s                  ; No                         ; Yes                        ; 2.32 V                      ; 4.49e-09 V                  ; 2.38 V             ; -0.00552 V         ; 0.096 V                             ; 0.019 V                             ; 4.18e-10 s                 ; 3.59e-10 s                 ; No                        ; Yes                       ;
; LEDR[5]       ; 2.5 V        ; 0 s                 ; 0 s                 ; 2.32 V                       ; 4.49e-09 V                   ; 2.38 V              ; -0.00552 V          ; 0.096 V                              ; 0.019 V                              ; 4.18e-10 s                  ; 3.59e-10 s                  ; No                         ; Yes                        ; 2.32 V                      ; 4.49e-09 V                  ; 2.38 V             ; -0.00552 V         ; 0.096 V                             ; 0.019 V                             ; 4.18e-10 s                 ; 3.59e-10 s                 ; No                        ; Yes                       ;
; LEDR[6]       ; 2.5 V        ; 0 s                 ; 0 s                 ; 2.32 V                       ; 4.49e-09 V                   ; 2.38 V              ; -0.00552 V          ; 0.096 V                              ; 0.019 V                              ; 4.18e-10 s                  ; 3.59e-10 s                  ; No                         ; Yes                        ; 2.32 V                      ; 4.49e-09 V                  ; 2.38 V             ; -0.00552 V         ; 0.096 V                             ; 0.019 V                             ; 4.18e-10 s                 ; 3.59e-10 s                 ; No                        ; Yes                       ;
; LEDR[7]       ; 2.5 V        ; 0 s                 ; 0 s                 ; 2.32 V                       ; 4.49e-09 V                   ; 2.38 V              ; -0.00552 V          ; 0.096 V                              ; 0.019 V                              ; 4.18e-10 s                  ; 3.59e-10 s                  ; No                         ; Yes                        ; 2.32 V                      ; 4.49e-09 V                  ; 2.38 V             ; -0.00552 V         ; 0.096 V                             ; 0.019 V                             ; 4.18e-10 s                 ; 3.59e-10 s                 ; No                        ; Yes                       ;
; LEDR[8]       ; 2.5 V        ; 0 s                 ; 0 s                 ; 2.32 V                       ; 4.49e-09 V                   ; 2.38 V              ; -0.00552 V          ; 0.096 V                              ; 0.019 V                              ; 4.18e-10 s                  ; 3.59e-10 s                  ; No                         ; Yes                        ; 2.32 V                      ; 4.49e-09 V                  ; 2.38 V             ; -0.00552 V         ; 0.096 V                             ; 0.019 V                             ; 4.18e-10 s                 ; 3.59e-10 s                 ; No                        ; Yes                       ;
; LEDR[9]       ; 2.5 V        ; 0 s                 ; 0 s                 ; 2.32 V                       ; 4.49e-09 V                   ; 2.33 V              ; -0.00467 V          ; 0.226 V                              ; 0.087 V                              ; 2.91e-09 s                  ; 2.74e-09 s                  ; Yes                        ; Yes                        ; 2.32 V                      ; 4.49e-09 V                  ; 2.33 V             ; -0.00467 V         ; 0.226 V                             ; 0.087 V                             ; 2.91e-09 s                 ; 2.74e-09 s                 ; Yes                       ; Yes                       ;
; LEDR[10]      ; 2.5 V        ; 0 s                 ; 0 s                 ; 2.32 V                       ; 4.49e-09 V                   ; 2.38 V              ; -0.00552 V          ; 0.096 V                              ; 0.019 V                              ; 4.18e-10 s                  ; 3.59e-10 s                  ; No                         ; Yes                        ; 2.32 V                      ; 4.49e-09 V                  ; 2.38 V             ; -0.00552 V         ; 0.096 V                             ; 0.019 V                             ; 4.18e-10 s                 ; 3.59e-10 s                 ; No                        ; Yes                       ;
; LEDR[11]      ; 2.5 V        ; 0 s                 ; 0 s                 ; 2.32 V                       ; 4.49e-09 V                   ; 2.38 V              ; -0.00552 V          ; 0.096 V                              ; 0.019 V                              ; 4.18e-10 s                  ; 3.59e-10 s                  ; No                         ; Yes                        ; 2.32 V                      ; 4.49e-09 V                  ; 2.38 V             ; -0.00552 V         ; 0.096 V                             ; 0.019 V                             ; 4.18e-10 s                 ; 3.59e-10 s                 ; No                        ; Yes                       ;
; LEDR[12]      ; 2.5 V        ; 0 s                 ; 0 s                 ; 2.32 V                       ; 4.49e-09 V                   ; 2.38 V              ; -0.00552 V          ; 0.096 V                              ; 0.019 V                              ; 4.18e-10 s                  ; 3.59e-10 s                  ; No                         ; Yes                        ; 2.32 V                      ; 4.49e-09 V                  ; 2.38 V             ; -0.00552 V         ; 0.096 V                             ; 0.019 V                             ; 4.18e-10 s                 ; 3.59e-10 s                 ; No                        ; Yes                       ;
; LEDR[13]      ; 2.5 V        ; 0 s                 ; 0 s                 ; 2.32 V                       ; 4.49e-09 V                   ; 2.38 V              ; -0.00552 V          ; 0.096 V                              ; 0.019 V                              ; 4.18e-10 s                  ; 3.59e-10 s                  ; No                         ; Yes                        ; 2.32 V                      ; 4.49e-09 V                  ; 2.38 V             ; -0.00552 V         ; 0.096 V                             ; 0.019 V                             ; 4.18e-10 s                 ; 3.59e-10 s                 ; No                        ; Yes                       ;
; LEDR[14]      ; 2.5 V        ; 0 s                 ; 0 s                 ; 2.32 V                       ; 4.49e-09 V                   ; 2.38 V              ; -0.00552 V          ; 0.096 V                              ; 0.019 V                              ; 4.18e-10 s                  ; 3.59e-10 s                  ; No                         ; Yes                        ; 2.32 V                      ; 4.49e-09 V                  ; 2.38 V             ; -0.00552 V         ; 0.096 V                             ; 0.019 V                             ; 4.18e-10 s                 ; 3.59e-10 s                 ; No                        ; Yes                       ;
; LEDR[15]      ; 2.5 V        ; 0 s                 ; 0 s                 ; 2.32 V                       ; 4.49e-09 V                   ; 2.33 V              ; -0.00467 V          ; 0.226 V                              ; 0.087 V                              ; 2.91e-09 s                  ; 2.74e-09 s                  ; Yes                        ; Yes                        ; 2.32 V                      ; 4.49e-09 V                  ; 2.33 V             ; -0.00467 V         ; 0.226 V                             ; 0.087 V                             ; 2.91e-09 s                 ; 2.74e-09 s                 ; Yes                       ; Yes                       ;
; LEDR[16]      ; 2.5 V        ; 0 s                 ; 0 s                 ; 2.32 V                       ; 4.49e-09 V                   ; 2.38 V              ; -0.00552 V          ; 0.096 V                              ; 0.019 V                              ; 4.18e-10 s                  ; 3.59e-10 s                  ; No                         ; Yes                        ; 2.32 V                      ; 4.49e-09 V                  ; 2.38 V             ; -0.00552 V         ; 0.096 V                             ; 0.019 V                             ; 4.18e-10 s                 ; 3.59e-10 s                 ; No                        ; Yes                       ;
; LEDR[17]      ; 2.5 V        ; 0 s                 ; 0 s                 ; 2.32 V                       ; 4.49e-09 V                   ; 2.38 V              ; -0.00552 V          ; 0.096 V                              ; 0.019 V                              ; 4.18e-10 s                  ; 3.59e-10 s                  ; No                         ; Yes                        ; 2.32 V                      ; 4.49e-09 V                  ; 2.38 V             ; -0.00552 V         ; 0.096 V                             ; 0.019 V                             ; 4.18e-10 s                 ; 3.59e-10 s                 ; No                        ; Yes                       ;
; LEDG[0]       ; 2.5 V        ; 0 s                 ; 0 s                 ; 2.32 V                       ; 4.49e-09 V                   ; 2.38 V              ; -0.00552 V          ; 0.096 V                              ; 0.019 V                              ; 4.18e-10 s                  ; 3.59e-10 s                  ; No                         ; Yes                        ; 2.32 V                      ; 4.49e-09 V                  ; 2.38 V             ; -0.00552 V         ; 0.096 V                             ; 0.019 V                             ; 4.18e-10 s                 ; 3.59e-10 s                 ; No                        ; Yes                       ;
; LEDG[1]       ; 2.5 V        ; 0 s                 ; 0 s                 ; 2.32 V                       ; 4.49e-09 V                   ; 2.38 V              ; -0.00552 V          ; 0.096 V                              ; 0.019 V                              ; 4.18e-10 s                  ; 3.59e-10 s                  ; No                         ; Yes                        ; 2.32 V                      ; 4.49e-09 V                  ; 2.38 V             ; -0.00552 V         ; 0.096 V                             ; 0.019 V                             ; 4.18e-10 s                 ; 3.59e-10 s                 ; No                        ; Yes                       ;
; LEDG[2]       ; 2.5 V        ; 0 s                 ; 0 s                 ; 2.32 V                       ; 4.49e-09 V                   ; 2.38 V              ; -0.00552 V          ; 0.096 V                              ; 0.019 V                              ; 4.18e-10 s                  ; 3.59e-10 s                  ; No                         ; Yes                        ; 2.32 V                      ; 4.49e-09 V                  ; 2.38 V             ; -0.00552 V         ; 0.096 V                             ; 0.019 V                             ; 4.18e-10 s                 ; 3.59e-10 s                 ; No                        ; Yes                       ;
; LEDG[3]       ; 2.5 V        ; 0 s                 ; 0 s                 ; 2.32 V                       ; 4.49e-09 V                   ; 2.38 V              ; -0.00552 V          ; 0.096 V                              ; 0.019 V                              ; 4.18e-10 s                  ; 3.59e-10 s                  ; No                         ; Yes                        ; 2.32 V                      ; 4.49e-09 V                  ; 2.38 V             ; -0.00552 V         ; 0.096 V                             ; 0.019 V                             ; 4.18e-10 s                 ; 3.59e-10 s                 ; No                        ; Yes                       ;
; LEDG[4]       ; 2.5 V        ; 0 s                 ; 0 s                 ; 2.32 V                       ; 4.49e-09 V                   ; 2.38 V              ; -0.00552 V          ; 0.096 V                              ; 0.019 V                              ; 4.18e-10 s                  ; 3.59e-10 s                  ; No                         ; Yes                        ; 2.32 V                      ; 4.49e-09 V                  ; 2.38 V             ; -0.00552 V         ; 0.096 V                             ; 0.019 V                             ; 4.18e-10 s                 ; 3.59e-10 s                 ; No                        ; Yes                       ;
; LEDG[5]       ; 2.5 V        ; 0 s                 ; 0 s                 ; 2.32 V                       ; 4.49e-09 V                   ; 2.38 V              ; -0.00552 V          ; 0.096 V                              ; 0.019 V                              ; 4.18e-10 s                  ; 3.59e-10 s                  ; No                         ; Yes                        ; 2.32 V                      ; 4.49e-09 V                  ; 2.38 V             ; -0.00552 V         ; 0.096 V                             ; 0.019 V                             ; 4.18e-10 s                 ; 3.59e-10 s                 ; No                        ; Yes                       ;
; LEDG[6]       ; 2.5 V        ; 0 s                 ; 0 s                 ; 2.32 V                       ; 4.49e-09 V                   ; 2.38 V              ; -0.00552 V          ; 0.096 V                              ; 0.019 V                              ; 4.18e-10 s                  ; 3.59e-10 s                  ; No                         ; Yes                        ; 2.32 V                      ; 4.49e-09 V                  ; 2.38 V             ; -0.00552 V         ; 0.096 V                             ; 0.019 V                             ; 4.18e-10 s                 ; 3.59e-10 s                 ; No                        ; Yes                       ;
; LEDG[7]       ; 2.5 V        ; 0 s                 ; 0 s                 ; 2.32 V                       ; 4.49e-09 V                   ; 2.38 V              ; -0.00552 V          ; 0.096 V                              ; 0.019 V                              ; 4.18e-10 s                  ; 3.59e-10 s                  ; No                         ; Yes                        ; 2.32 V                      ; 4.49e-09 V                  ; 2.38 V             ; -0.00552 V         ; 0.096 V                             ; 0.019 V                             ; 4.18e-10 s                 ; 3.59e-10 s                 ; No                        ; Yes                       ;
; LEDG[8]       ; 2.5 V        ; 0 s                 ; 0 s                 ; 2.32 V                       ; 4.49e-09 V                   ; 2.38 V              ; -0.00552 V          ; 0.096 V                              ; 0.019 V                              ; 4.18e-10 s                  ; 3.59e-10 s                  ; No                         ; Yes                        ; 2.32 V                      ; 4.49e-09 V                  ; 2.38 V             ; -0.00552 V         ; 0.096 V                             ; 0.019 V                             ; 4.18e-10 s                 ; 3.59e-10 s                 ; No                        ; Yes                       ;
; UART_TXD      ; 2.5 V        ; 0 s                 ; 0 s                 ; 2.32 V                       ; 4.49e-09 V                   ; 2.33 V              ; -0.00467 V          ; 0.226 V                              ; 0.087 V                              ; 2.91e-09 s                  ; 2.74e-09 s                  ; Yes                        ; Yes                        ; 2.32 V                      ; 4.49e-09 V                  ; 2.33 V             ; -0.00467 V         ; 0.226 V                             ; 0.087 V                             ; 2.91e-09 s                 ; 2.74e-09 s                 ; Yes                       ; Yes                       ;
; ~ALTERA_DCLK~ ; 2.5 V        ; 0 s                 ; 0 s                 ; 2.32 V                       ; 2.67e-09 V                   ; 2.38 V              ; -0.0485 V           ; 0.167 V                              ; 0.096 V                              ; 2.95e-10 s                  ; 2.73e-10 s                  ; Yes                        ; Yes                        ; 2.32 V                      ; 2.67e-09 V                  ; 2.38 V             ; -0.0485 V          ; 0.167 V                             ; 0.096 V                             ; 2.95e-10 s                 ; 2.73e-10 s                 ; Yes                       ; Yes                       ;
; ~ALTERA_nCEO~ ; 2.5 V        ; 0 s                 ; 0 s                 ; 2.32 V                       ; 4.18e-09 V                   ; 2.38 V              ; -0.00483 V          ; 0.152 V                              ; 0.012 V                              ; 4.81e-10 s                  ; 6.29e-10 s                  ; Yes                        ; Yes                        ; 2.32 V                      ; 4.18e-09 V                  ; 2.38 V             ; -0.00483 V         ; 0.152 V                             ; 0.012 V                             ; 4.81e-10 s                 ; 6.29e-10 s                 ; Yes                       ; Yes                       ;
+---------------+--------------+---------------------+---------------------+------------------------------+------------------------------+---------------------+---------------------+--------------------------------------+--------------------------------------+-----------------------------+-----------------------------+----------------------------+----------------------------+-----------------------------+-----------------------------+--------------------+--------------------+-------------------------------------+-------------------------------------+----------------------------+----------------------------+---------------------------+---------------------------+


+--------------------------------------------------------------------------------------------------------------------------------------------------------------------------------------------------------------------------------------------------------------------------------------------------------------------------------------------------------------------------------------------------------------------------------------------------------------------------------------------------------------------------------------------------------------------------------------------------------------------------------------------------------------------------------------------+
; Signal Integrity Metrics (Slow 1200mv 85c Model)                                                                                                                                                                                                                                                                                                                                                                                                                                                                                                                                                                                                                                           ;
+---------------+--------------+---------------------+---------------------+------------------------------+------------------------------+---------------------+---------------------+--------------------------------------+--------------------------------------+-----------------------------+-----------------------------+----------------------------+----------------------------+-----------------------------+-----------------------------+--------------------+--------------------+-------------------------------------+-------------------------------------+----------------------------+----------------------------+---------------------------+---------------------------+
; Pin           ; I/O Standard ; Board Delay on Rise ; Board Delay on Fall ; Steady State Voh at FPGA Pin ; Steady State Vol at FPGA Pin ; Voh Max at FPGA Pin ; Vol Min at FPGA Pin ; Ringback Voltage on Rise at FPGA Pin ; Ringback Voltage on Fall at FPGA Pin ; 10-90 Rise Time at FPGA Pin ; 90-10 Fall Time at FPGA Pin ; Monotonic Rise at FPGA Pin ; Monotonic Fall at FPGA Pin ; Steady State Voh at Far-end ; Steady State Vol at Far-end ; Voh Max at Far-end ; Vol Min at Far-end ; Ringback Voltage on Rise at Far-end ; Ringback Voltage on Fall at Far-end ; 10-90 Rise Time at Far-end ; 90-10 Fall Time at Far-end ; Monotonic Rise at Far-end ; Monotonic Fall at Far-end ;
+---------------+--------------+---------------------+---------------------+------------------------------+------------------------------+---------------------+---------------------+--------------------------------------+--------------------------------------+-----------------------------+-----------------------------+----------------------------+----------------------------+-----------------------------+-----------------------------+--------------------+--------------------+-------------------------------------+-------------------------------------+----------------------------+----------------------------+---------------------------+---------------------------+
; PC[0]         ; 2.5 V        ; 0 s                 ; 0 s                 ; 2.32 V                       ; 6.92e-07 V                   ; 2.35 V              ; -0.00996 V          ; 0.121 V                              ; 0.03 V                               ; 4.64e-10 s                  ; 4.47e-10 s                  ; Yes                        ; Yes                        ; 2.32 V                      ; 6.92e-07 V                  ; 2.35 V             ; -0.00996 V         ; 0.121 V                             ; 0.03 V                              ; 4.64e-10 s                 ; 4.47e-10 s                 ; Yes                       ; Yes                       ;
; PC[1]         ; 2.5 V        ; 0 s                 ; 0 s                 ; 2.32 V                       ; 6.92e-07 V                   ; 2.35 V              ; -0.00996 V          ; 0.121 V                              ; 0.03 V                               ; 4.64e-10 s                  ; 4.47e-10 s                  ; Yes                        ; Yes                        ; 2.32 V                      ; 6.92e-07 V                  ; 2.35 V             ; -0.00996 V         ; 0.121 V                             ; 0.03 V                              ; 4.64e-10 s                 ; 4.47e-10 s                 ; Yes                       ; Yes                       ;
; PC[2]         ; 2.5 V        ; 0 s                 ; 0 s                 ; 2.32 V                       ; 6.92e-07 V                   ; 2.35 V              ; -0.00996 V          ; 0.121 V                              ; 0.03 V                               ; 4.64e-10 s                  ; 4.47e-10 s                  ; Yes                        ; Yes                        ; 2.32 V                      ; 6.92e-07 V                  ; 2.35 V             ; -0.00996 V         ; 0.121 V                             ; 0.03 V                              ; 4.64e-10 s                 ; 4.47e-10 s                 ; Yes                       ; Yes                       ;
; PC[3]         ; 2.5 V        ; 0 s                 ; 0 s                 ; 2.32 V                       ; 6.92e-07 V                   ; 2.35 V              ; -0.00996 V          ; 0.121 V                              ; 0.03 V                               ; 4.64e-10 s                  ; 4.47e-10 s                  ; Yes                        ; Yes                        ; 2.32 V                      ; 6.92e-07 V                  ; 2.35 V             ; -0.00996 V         ; 0.121 V                             ; 0.03 V                              ; 4.64e-10 s                 ; 4.47e-10 s                 ; Yes                       ; Yes                       ;
; PC[4]         ; 2.5 V        ; 0 s                 ; 0 s                 ; 2.32 V                       ; 6.92e-07 V                   ; 2.35 V              ; -0.00996 V          ; 0.121 V                              ; 0.03 V                               ; 4.64e-10 s                  ; 4.47e-10 s                  ; Yes                        ; Yes                        ; 2.32 V                      ; 6.92e-07 V                  ; 2.35 V             ; -0.00996 V         ; 0.121 V                             ; 0.03 V                              ; 4.64e-10 s                 ; 4.47e-10 s                 ; Yes                       ; Yes                       ;
; PC[5]         ; 2.5 V        ; 0 s                 ; 0 s                 ; 2.32 V                       ; 6.92e-07 V                   ; 2.33 V              ; -0.00265 V          ; 0.133 V                              ; 0.056 V                              ; 3.55e-09 s                  ; 3.31e-09 s                  ; Yes                        ; Yes                        ; 2.32 V                      ; 6.92e-07 V                  ; 2.33 V             ; -0.00265 V         ; 0.133 V                             ; 0.056 V                             ; 3.55e-09 s                 ; 3.31e-09 s                 ; Yes                       ; Yes                       ;
; PC[6]         ; 2.5 V        ; 0 s                 ; 0 s                 ; 2.32 V                       ; 6.92e-07 V                   ; 2.35 V              ; -0.00996 V          ; 0.121 V                              ; 0.03 V                               ; 4.64e-10 s                  ; 4.47e-10 s                  ; Yes                        ; Yes                        ; 2.32 V                      ; 6.92e-07 V                  ; 2.35 V             ; -0.00996 V         ; 0.121 V                             ; 0.03 V                              ; 4.64e-10 s                 ; 4.47e-10 s                 ; Yes                       ; Yes                       ;
; PC[7]         ; 2.5 V        ; 0 s                 ; 0 s                 ; 2.32 V                       ; 6.92e-07 V                   ; 2.35 V              ; -0.00996 V          ; 0.121 V                              ; 0.03 V                               ; 4.64e-10 s                  ; 4.47e-10 s                  ; Yes                        ; Yes                        ; 2.32 V                      ; 6.92e-07 V                  ; 2.35 V             ; -0.00996 V         ; 0.121 V                             ; 0.03 V                              ; 4.64e-10 s                 ; 4.47e-10 s                 ; Yes                       ; Yes                       ;
; PC[8]         ; 2.5 V        ; 0 s                 ; 0 s                 ; 2.32 V                       ; 6.92e-07 V                   ; 2.35 V              ; -0.00996 V          ; 0.121 V                              ; 0.03 V                               ; 4.64e-10 s                  ; 4.47e-10 s                  ; Yes                        ; Yes                        ; 2.32 V                      ; 6.92e-07 V                  ; 2.35 V             ; -0.00996 V         ; 0.121 V                             ; 0.03 V                              ; 4.64e-10 s                 ; 4.47e-10 s                 ; Yes                       ; Yes                       ;
; PC[9]         ; 2.5 V        ; 0 s                 ; 0 s                 ; 2.32 V                       ; 6.92e-07 V                   ; 2.35 V              ; -0.00996 V          ; 0.121 V                              ; 0.03 V                               ; 4.64e-10 s                  ; 4.47e-10 s                  ; Yes                        ; Yes                        ; 2.32 V                      ; 6.92e-07 V                  ; 2.35 V             ; -0.00996 V         ; 0.121 V                             ; 0.03 V                              ; 4.64e-10 s                 ; 4.47e-10 s                 ; Yes                       ; Yes                       ;
; PC[10]        ; 2.5 V        ; 0 s                 ; 0 s                 ; 2.32 V                       ; 6.92e-07 V                   ; 2.35 V              ; -0.00996 V          ; 0.121 V                              ; 0.03 V                               ; 4.64e-10 s                  ; 4.47e-10 s                  ; Yes                        ; Yes                        ; 2.32 V                      ; 6.92e-07 V                  ; 2.35 V             ; -0.00996 V         ; 0.121 V                             ; 0.03 V                              ; 4.64e-10 s                 ; 4.47e-10 s                 ; Yes                       ; Yes                       ;
; PC[11]        ; 2.5 V        ; 0 s                 ; 0 s                 ; 2.32 V                       ; 6.92e-07 V                   ; 2.35 V              ; -0.00996 V          ; 0.121 V                              ; 0.03 V                               ; 4.64e-10 s                  ; 4.47e-10 s                  ; Yes                        ; Yes                        ; 2.32 V                      ; 6.92e-07 V                  ; 2.35 V             ; -0.00996 V         ; 0.121 V                             ; 0.03 V                              ; 4.64e-10 s                 ; 4.47e-10 s                 ; Yes                       ; Yes                       ;
; PC[12]        ; 2.5 V        ; 0 s                 ; 0 s                 ; 2.32 V                       ; 6.92e-07 V                   ; 2.35 V              ; -0.00996 V          ; 0.121 V                              ; 0.03 V                               ; 4.64e-10 s                  ; 4.47e-10 s                  ; Yes                        ; Yes                        ; 2.32 V                      ; 6.92e-07 V                  ; 2.35 V             ; -0.00996 V         ; 0.121 V                             ; 0.03 V                              ; 4.64e-10 s                 ; 4.47e-10 s                 ; Yes                       ; Yes                       ;
; PC[13]        ; 2.5 V        ; 0 s                 ; 0 s                 ; 2.32 V                       ; 6.92e-07 V                   ; 2.35 V              ; -0.00996 V          ; 0.121 V                              ; 0.03 V                               ; 4.64e-10 s                  ; 4.47e-10 s                  ; Yes                        ; Yes                        ; 2.32 V                      ; 6.92e-07 V                  ; 2.35 V             ; -0.00996 V         ; 0.121 V                             ; 0.03 V                              ; 4.64e-10 s                 ; 4.47e-10 s                 ; Yes                       ; Yes                       ;
; PC[14]        ; 2.5 V        ; 0 s                 ; 0 s                 ; 2.32 V                       ; 6.92e-07 V                   ; 2.35 V              ; -0.00996 V          ; 0.121 V                              ; 0.03 V                               ; 4.64e-10 s                  ; 4.47e-10 s                  ; Yes                        ; Yes                        ; 2.32 V                      ; 6.92e-07 V                  ; 2.35 V             ; -0.00996 V         ; 0.121 V                             ; 0.03 V                              ; 4.64e-10 s                 ; 4.47e-10 s                 ; Yes                       ; Yes                       ;
; PC[15]        ; 2.5 V        ; 0 s                 ; 0 s                 ; 2.32 V                       ; 6.92e-07 V                   ; 2.35 V              ; -0.00996 V          ; 0.121 V                              ; 0.03 V                               ; 4.64e-10 s                  ; 4.47e-10 s                  ; Yes                        ; Yes                        ; 2.32 V                      ; 6.92e-07 V                  ; 2.35 V             ; -0.00996 V         ; 0.121 V                             ; 0.03 V                              ; 4.64e-10 s                 ; 4.47e-10 s                 ; Yes                       ; Yes                       ;
; PC[16]        ; 2.5 V        ; 0 s                 ; 0 s                 ; 2.32 V                       ; 6.92e-07 V                   ; 2.35 V              ; -0.00996 V          ; 0.121 V                              ; 0.03 V                               ; 4.64e-10 s                  ; 4.47e-10 s                  ; Yes                        ; Yes                        ; 2.32 V                      ; 6.92e-07 V                  ; 2.35 V             ; -0.00996 V         ; 0.121 V                             ; 0.03 V                              ; 4.64e-10 s                 ; 4.47e-10 s                 ; Yes                       ; Yes                       ;
; PC[17]        ; 2.5 V        ; 0 s                 ; 0 s                 ; 2.32 V                       ; 6.92e-07 V                   ; 2.35 V              ; -0.00996 V          ; 0.121 V                              ; 0.03 V                               ; 4.64e-10 s                  ; 4.47e-10 s                  ; Yes                        ; Yes                        ; 2.32 V                      ; 6.92e-07 V                  ; 2.35 V             ; -0.00996 V         ; 0.121 V                             ; 0.03 V                              ; 4.64e-10 s                 ; 4.47e-10 s                 ; Yes                       ; Yes                       ;
; PC[18]        ; 2.5 V        ; 0 s                 ; 0 s                 ; 2.32 V                       ; 6.92e-07 V                   ; 2.35 V              ; -0.00996 V          ; 0.121 V                              ; 0.03 V                               ; 4.64e-10 s                  ; 4.47e-10 s                  ; Yes                        ; Yes                        ; 2.32 V                      ; 6.92e-07 V                  ; 2.35 V             ; -0.00996 V         ; 0.121 V                             ; 0.03 V                              ; 4.64e-10 s                 ; 4.47e-10 s                 ; Yes                       ; Yes                       ;
; PC[19]        ; 2.5 V        ; 0 s                 ; 0 s                 ; 2.32 V                       ; 6.92e-07 V                   ; 2.35 V              ; -0.00996 V          ; 0.121 V                              ; 0.03 V                               ; 4.64e-10 s                  ; 4.47e-10 s                  ; Yes                        ; Yes                        ; 2.32 V                      ; 6.92e-07 V                  ; 2.35 V             ; -0.00996 V         ; 0.121 V                             ; 0.03 V                              ; 4.64e-10 s                 ; 4.47e-10 s                 ; Yes                       ; Yes                       ;
; PC[20]        ; 2.5 V        ; 0 s                 ; 0 s                 ; 2.32 V                       ; 6.92e-07 V                   ; 2.35 V              ; -0.00996 V          ; 0.121 V                              ; 0.03 V                               ; 4.64e-10 s                  ; 4.47e-10 s                  ; Yes                        ; Yes                        ; 2.32 V                      ; 6.92e-07 V                  ; 2.35 V             ; -0.00996 V         ; 0.121 V                             ; 0.03 V                              ; 4.64e-10 s                 ; 4.47e-10 s                 ; Yes                       ; Yes                       ;
; PC[21]        ; 2.5 V        ; 0 s                 ; 0 s                 ; 2.32 V                       ; 6.92e-07 V                   ; 2.35 V              ; -0.00996 V          ; 0.121 V                              ; 0.03 V                               ; 4.64e-10 s                  ; 4.47e-10 s                  ; Yes                        ; Yes                        ; 2.32 V                      ; 6.92e-07 V                  ; 2.35 V             ; -0.00996 V         ; 0.121 V                             ; 0.03 V                              ; 4.64e-10 s                 ; 4.47e-10 s                 ; Yes                       ; Yes                       ;
; PC[22]        ; 2.5 V        ; 0 s                 ; 0 s                 ; 2.32 V                       ; 6.92e-07 V                   ; 2.35 V              ; -0.00996 V          ; 0.121 V                              ; 0.03 V                               ; 4.64e-10 s                  ; 4.47e-10 s                  ; Yes                        ; Yes                        ; 2.32 V                      ; 6.92e-07 V                  ; 2.35 V             ; -0.00996 V         ; 0.121 V                             ; 0.03 V                              ; 4.64e-10 s                 ; 4.47e-10 s                 ; Yes                       ; Yes                       ;
; PC[23]        ; 2.5 V        ; 0 s                 ; 0 s                 ; 2.32 V                       ; 6.92e-07 V                   ; 2.35 V              ; -0.00996 V          ; 0.121 V                              ; 0.03 V                               ; 4.64e-10 s                  ; 4.47e-10 s                  ; Yes                        ; Yes                        ; 2.32 V                      ; 6.92e-07 V                  ; 2.35 V             ; -0.00996 V         ; 0.121 V                             ; 0.03 V                              ; 4.64e-10 s                 ; 4.47e-10 s                 ; Yes                       ; Yes                       ;
; PC[24]        ; 2.5 V        ; 0 s                 ; 0 s                 ; 2.32 V                       ; 6.92e-07 V                   ; 2.35 V              ; -0.00996 V          ; 0.121 V                              ; 0.03 V                               ; 4.64e-10 s                  ; 4.47e-10 s                  ; Yes                        ; Yes                        ; 2.32 V                      ; 6.92e-07 V                  ; 2.35 V             ; -0.00996 V         ; 0.121 V                             ; 0.03 V                              ; 4.64e-10 s                 ; 4.47e-10 s                 ; Yes                       ; Yes                       ;
; PC[25]        ; 2.5 V        ; 0 s                 ; 0 s                 ; 2.32 V                       ; 6.92e-07 V                   ; 2.35 V              ; -0.00996 V          ; 0.121 V                              ; 0.03 V                               ; 4.64e-10 s                  ; 4.47e-10 s                  ; Yes                        ; Yes                        ; 2.32 V                      ; 6.92e-07 V                  ; 2.35 V             ; -0.00996 V         ; 0.121 V                             ; 0.03 V                              ; 4.64e-10 s                 ; 4.47e-10 s                 ; Yes                       ; Yes                       ;
; PC[26]        ; 2.5 V        ; 0 s                 ; 0 s                 ; 2.32 V                       ; 6.92e-07 V                   ; 2.35 V              ; -0.00996 V          ; 0.121 V                              ; 0.03 V                               ; 4.64e-10 s                  ; 4.47e-10 s                  ; Yes                        ; Yes                        ; 2.32 V                      ; 6.92e-07 V                  ; 2.35 V             ; -0.00996 V         ; 0.121 V                             ; 0.03 V                              ; 4.64e-10 s                 ; 4.47e-10 s                 ; Yes                       ; Yes                       ;
; PC[27]        ; 2.5 V        ; 0 s                 ; 0 s                 ; 2.32 V                       ; 6.92e-07 V                   ; 2.35 V              ; -0.00996 V          ; 0.121 V                              ; 0.03 V                               ; 4.64e-10 s                  ; 4.47e-10 s                  ; Yes                        ; Yes                        ; 2.32 V                      ; 6.92e-07 V                  ; 2.35 V             ; -0.00996 V         ; 0.121 V                             ; 0.03 V                              ; 4.64e-10 s                 ; 4.47e-10 s                 ; Yes                       ; Yes                       ;
; PC[28]        ; 2.5 V        ; 0 s                 ; 0 s                 ; 2.32 V                       ; 6.92e-07 V                   ; 2.35 V              ; -0.00996 V          ; 0.121 V                              ; 0.03 V                               ; 4.64e-10 s                  ; 4.47e-10 s                  ; Yes                        ; Yes                        ; 2.32 V                      ; 6.92e-07 V                  ; 2.35 V             ; -0.00996 V         ; 0.121 V                             ; 0.03 V                              ; 4.64e-10 s                 ; 4.47e-10 s                 ; Yes                       ; Yes                       ;
; PC[29]        ; 2.5 V        ; 0 s                 ; 0 s                 ; 2.32 V                       ; 6.92e-07 V                   ; 2.35 V              ; -0.00996 V          ; 0.121 V                              ; 0.03 V                               ; 4.64e-10 s                  ; 4.47e-10 s                  ; Yes                        ; Yes                        ; 2.32 V                      ; 6.92e-07 V                  ; 2.35 V             ; -0.00996 V         ; 0.121 V                             ; 0.03 V                              ; 4.64e-10 s                 ; 4.47e-10 s                 ; Yes                       ; Yes                       ;
; PC[30]        ; 2.5 V        ; 0 s                 ; 0 s                 ; 2.32 V                       ; 6.92e-07 V                   ; 2.35 V              ; -0.00996 V          ; 0.121 V                              ; 0.03 V                               ; 4.64e-10 s                  ; 4.47e-10 s                  ; Yes                        ; Yes                        ; 2.32 V                      ; 6.92e-07 V                  ; 2.35 V             ; -0.00996 V         ; 0.121 V                             ; 0.03 V                              ; 4.64e-10 s                 ; 4.47e-10 s                 ; Yes                       ; Yes                       ;
; PC[31]        ; 2.5 V        ; 0 s                 ; 0 s                 ; 2.32 V                       ; 6.92e-07 V                   ; 2.35 V              ; -0.00996 V          ; 0.121 V                              ; 0.03 V                               ; 4.64e-10 s                  ; 4.47e-10 s                  ; Yes                        ; Yes                        ; 2.32 V                      ; 6.92e-07 V                  ; 2.35 V             ; -0.00996 V         ; 0.121 V                             ; 0.03 V                              ; 4.64e-10 s                 ; 4.47e-10 s                 ; Yes                       ; Yes                       ;
; LEDR[0]       ; 2.5 V        ; 0 s                 ; 0 s                 ; 2.32 V                       ; 6.92e-07 V                   ; 2.35 V              ; -0.00996 V          ; 0.121 V                              ; 0.03 V                               ; 4.64e-10 s                  ; 4.47e-10 s                  ; Yes                        ; Yes                        ; 2.32 V                      ; 6.92e-07 V                  ; 2.35 V             ; -0.00996 V         ; 0.121 V                             ; 0.03 V                              ; 4.64e-10 s                 ; 4.47e-10 s                 ; Yes                       ; Yes                       ;
; LEDR[1]       ; 2.5 V        ; 0 s                 ; 0 s                 ; 2.32 V                       ; 6.92e-07 V                   ; 2.35 V              ; -0.00996 V          ; 0.121 V                              ; 0.03 V                               ; 4.64e-10 s                  ; 4.47e-10 s                  ; Yes                        ; Yes                        ; 2.32 V                      ; 6.92e-07 V                  ; 2.35 V             ; -0.00996 V         ; 0.121 V                             ; 0.03 V                              ; 4.64e-10 s                 ; 4.47e-10 s                 ; Yes                       ; Yes                       ;
; LEDR[2]       ; 2.5 V        ; 0 s                 ; 0 s                 ; 2.32 V                       ; 6.92e-07 V                   ; 2.35 V              ; -0.00996 V          ; 0.121 V                              ; 0.03 V                               ; 4.64e-10 s                  ; 4.47e-10 s                  ; Yes                        ; Yes                        ; 2.32 V                      ; 6.92e-07 V                  ; 2.35 V             ; -0.00996 V         ; 0.121 V                             ; 0.03 V                              ; 4.64e-10 s                 ; 4.47e-10 s                 ; Yes                       ; Yes                       ;
; LEDR[3]       ; 2.5 V        ; 0 s                 ; 0 s                 ; 2.32 V                       ; 6.92e-07 V                   ; 2.35 V              ; -0.00996 V          ; 0.121 V                              ; 0.03 V                               ; 4.64e-10 s                  ; 4.47e-10 s                  ; Yes                        ; Yes                        ; 2.32 V                      ; 6.92e-07 V                  ; 2.35 V             ; -0.00996 V         ; 0.121 V                             ; 0.03 V                              ; 4.64e-10 s                 ; 4.47e-10 s                 ; Yes                       ; Yes                       ;
; LEDR[4]       ; 2.5 V        ; 0 s                 ; 0 s                 ; 2.32 V                       ; 6.92e-07 V                   ; 2.35 V              ; -0.00996 V          ; 0.121 V                              ; 0.03 V                               ; 4.64e-10 s                  ; 4.47e-10 s                  ; Yes                        ; Yes                        ; 2.32 V                      ; 6.92e-07 V                  ; 2.35 V             ; -0.00996 V         ; 0.121 V                             ; 0.03 V                              ; 4.64e-10 s                 ; 4.47e-10 s                 ; Yes                       ; Yes                       ;
; LEDR[5]       ; 2.5 V        ; 0 s                 ; 0 s                 ; 2.32 V                       ; 6.92e-07 V                   ; 2.35 V              ; -0.00996 V          ; 0.121 V                              ; 0.03 V                               ; 4.64e-10 s                  ; 4.47e-10 s                  ; Yes                        ; Yes                        ; 2.32 V                      ; 6.92e-07 V                  ; 2.35 V             ; -0.00996 V         ; 0.121 V                             ; 0.03 V                              ; 4.64e-10 s                 ; 4.47e-10 s                 ; Yes                       ; Yes                       ;
; LEDR[6]       ; 2.5 V        ; 0 s                 ; 0 s                 ; 2.32 V                       ; 6.92e-07 V                   ; 2.35 V              ; -0.00996 V          ; 0.121 V                              ; 0.03 V                               ; 4.64e-10 s                  ; 4.47e-10 s                  ; Yes                        ; Yes                        ; 2.32 V                      ; 6.92e-07 V                  ; 2.35 V             ; -0.00996 V         ; 0.121 V                             ; 0.03 V                              ; 4.64e-10 s                 ; 4.47e-10 s                 ; Yes                       ; Yes                       ;
; LEDR[7]       ; 2.5 V        ; 0 s                 ; 0 s                 ; 2.32 V                       ; 6.92e-07 V                   ; 2.35 V              ; -0.00996 V          ; 0.121 V                              ; 0.03 V                               ; 4.64e-10 s                  ; 4.47e-10 s                  ; Yes                        ; Yes                        ; 2.32 V                      ; 6.92e-07 V                  ; 2.35 V             ; -0.00996 V         ; 0.121 V                             ; 0.03 V                              ; 4.64e-10 s                 ; 4.47e-10 s                 ; Yes                       ; Yes                       ;
; LEDR[8]       ; 2.5 V        ; 0 s                 ; 0 s                 ; 2.32 V                       ; 6.92e-07 V                   ; 2.35 V              ; -0.00996 V          ; 0.121 V                              ; 0.03 V                               ; 4.64e-10 s                  ; 4.47e-10 s                  ; Yes                        ; Yes                        ; 2.32 V                      ; 6.92e-07 V                  ; 2.35 V             ; -0.00996 V         ; 0.121 V                             ; 0.03 V                              ; 4.64e-10 s                 ; 4.47e-10 s                 ; Yes                       ; Yes                       ;
; LEDR[9]       ; 2.5 V        ; 0 s                 ; 0 s                 ; 2.32 V                       ; 6.92e-07 V                   ; 2.33 V              ; -0.00265 V          ; 0.133 V                              ; 0.056 V                              ; 3.55e-09 s                  ; 3.31e-09 s                  ; Yes                        ; Yes                        ; 2.32 V                      ; 6.92e-07 V                  ; 2.33 V             ; -0.00265 V         ; 0.133 V                             ; 0.056 V                             ; 3.55e-09 s                 ; 3.31e-09 s                 ; Yes                       ; Yes                       ;
; LEDR[10]      ; 2.5 V        ; 0 s                 ; 0 s                 ; 2.32 V                       ; 6.92e-07 V                   ; 2.35 V              ; -0.00996 V          ; 0.121 V                              ; 0.03 V                               ; 4.64e-10 s                  ; 4.47e-10 s                  ; Yes                        ; Yes                        ; 2.32 V                      ; 6.92e-07 V                  ; 2.35 V             ; -0.00996 V         ; 0.121 V                             ; 0.03 V                              ; 4.64e-10 s                 ; 4.47e-10 s                 ; Yes                       ; Yes                       ;
; LEDR[11]      ; 2.5 V        ; 0 s                 ; 0 s                 ; 2.32 V                       ; 6.92e-07 V                   ; 2.35 V              ; -0.00996 V          ; 0.121 V                              ; 0.03 V                               ; 4.64e-10 s                  ; 4.47e-10 s                  ; Yes                        ; Yes                        ; 2.32 V                      ; 6.92e-07 V                  ; 2.35 V             ; -0.00996 V         ; 0.121 V                             ; 0.03 V                              ; 4.64e-10 s                 ; 4.47e-10 s                 ; Yes                       ; Yes                       ;
; LEDR[12]      ; 2.5 V        ; 0 s                 ; 0 s                 ; 2.32 V                       ; 6.92e-07 V                   ; 2.35 V              ; -0.00996 V          ; 0.121 V                              ; 0.03 V                               ; 4.64e-10 s                  ; 4.47e-10 s                  ; Yes                        ; Yes                        ; 2.32 V                      ; 6.92e-07 V                  ; 2.35 V             ; -0.00996 V         ; 0.121 V                             ; 0.03 V                              ; 4.64e-10 s                 ; 4.47e-10 s                 ; Yes                       ; Yes                       ;
; LEDR[13]      ; 2.5 V        ; 0 s                 ; 0 s                 ; 2.32 V                       ; 6.92e-07 V                   ; 2.35 V              ; -0.00996 V          ; 0.121 V                              ; 0.03 V                               ; 4.64e-10 s                  ; 4.47e-10 s                  ; Yes                        ; Yes                        ; 2.32 V                      ; 6.92e-07 V                  ; 2.35 V             ; -0.00996 V         ; 0.121 V                             ; 0.03 V                              ; 4.64e-10 s                 ; 4.47e-10 s                 ; Yes                       ; Yes                       ;
; LEDR[14]      ; 2.5 V        ; 0 s                 ; 0 s                 ; 2.32 V                       ; 6.92e-07 V                   ; 2.35 V              ; -0.00996 V          ; 0.121 V                              ; 0.03 V                               ; 4.64e-10 s                  ; 4.47e-10 s                  ; Yes                        ; Yes                        ; 2.32 V                      ; 6.92e-07 V                  ; 2.35 V             ; -0.00996 V         ; 0.121 V                             ; 0.03 V                              ; 4.64e-10 s                 ; 4.47e-10 s                 ; Yes                       ; Yes                       ;
; LEDR[15]      ; 2.5 V        ; 0 s                 ; 0 s                 ; 2.32 V                       ; 6.92e-07 V                   ; 2.33 V              ; -0.00265 V          ; 0.133 V                              ; 0.056 V                              ; 3.55e-09 s                  ; 3.31e-09 s                  ; Yes                        ; Yes                        ; 2.32 V                      ; 6.92e-07 V                  ; 2.33 V             ; -0.00265 V         ; 0.133 V                             ; 0.056 V                             ; 3.55e-09 s                 ; 3.31e-09 s                 ; Yes                       ; Yes                       ;
; LEDR[16]      ; 2.5 V        ; 0 s                 ; 0 s                 ; 2.32 V                       ; 6.92e-07 V                   ; 2.35 V              ; -0.00996 V          ; 0.121 V                              ; 0.03 V                               ; 4.64e-10 s                  ; 4.47e-10 s                  ; Yes                        ; Yes                        ; 2.32 V                      ; 6.92e-07 V                  ; 2.35 V             ; -0.00996 V         ; 0.121 V                             ; 0.03 V                              ; 4.64e-10 s                 ; 4.47e-10 s                 ; Yes                       ; Yes                       ;
; LEDR[17]      ; 2.5 V        ; 0 s                 ; 0 s                 ; 2.32 V                       ; 6.92e-07 V                   ; 2.35 V              ; -0.00996 V          ; 0.121 V                              ; 0.03 V                               ; 4.64e-10 s                  ; 4.47e-10 s                  ; Yes                        ; Yes                        ; 2.32 V                      ; 6.92e-07 V                  ; 2.35 V             ; -0.00996 V         ; 0.121 V                             ; 0.03 V                              ; 4.64e-10 s                 ; 4.47e-10 s                 ; Yes                       ; Yes                       ;
; LEDG[0]       ; 2.5 V        ; 0 s                 ; 0 s                 ; 2.32 V                       ; 6.92e-07 V                   ; 2.35 V              ; -0.00996 V          ; 0.121 V                              ; 0.03 V                               ; 4.64e-10 s                  ; 4.47e-10 s                  ; Yes                        ; Yes                        ; 2.32 V                      ; 6.92e-07 V                  ; 2.35 V             ; -0.00996 V         ; 0.121 V                             ; 0.03 V                              ; 4.64e-10 s                 ; 4.47e-10 s                 ; Yes                       ; Yes                       ;
; LEDG[1]       ; 2.5 V        ; 0 s                 ; 0 s                 ; 2.32 V                       ; 6.92e-07 V                   ; 2.35 V              ; -0.00996 V          ; 0.121 V                              ; 0.03 V                               ; 4.64e-10 s                  ; 4.47e-10 s                  ; Yes                        ; Yes                        ; 2.32 V                      ; 6.92e-07 V                  ; 2.35 V             ; -0.00996 V         ; 0.121 V                             ; 0.03 V                              ; 4.64e-10 s                 ; 4.47e-10 s                 ; Yes                       ; Yes                       ;
; LEDG[2]       ; 2.5 V        ; 0 s                 ; 0 s                 ; 2.32 V                       ; 6.92e-07 V                   ; 2.35 V              ; -0.00996 V          ; 0.121 V                              ; 0.03 V                               ; 4.64e-10 s                  ; 4.47e-10 s                  ; Yes                        ; Yes                        ; 2.32 V                      ; 6.92e-07 V                  ; 2.35 V             ; -0.00996 V         ; 0.121 V                             ; 0.03 V                              ; 4.64e-10 s                 ; 4.47e-10 s                 ; Yes                       ; Yes                       ;
; LEDG[3]       ; 2.5 V        ; 0 s                 ; 0 s                 ; 2.32 V                       ; 6.92e-07 V                   ; 2.35 V              ; -0.00996 V          ; 0.121 V                              ; 0.03 V                               ; 4.64e-10 s                  ; 4.47e-10 s                  ; Yes                        ; Yes                        ; 2.32 V                      ; 6.92e-07 V                  ; 2.35 V             ; -0.00996 V         ; 0.121 V                             ; 0.03 V                              ; 4.64e-10 s                 ; 4.47e-10 s                 ; Yes                       ; Yes                       ;
; LEDG[4]       ; 2.5 V        ; 0 s                 ; 0 s                 ; 2.32 V                       ; 6.92e-07 V                   ; 2.35 V              ; -0.00996 V          ; 0.121 V                              ; 0.03 V                               ; 4.64e-10 s                  ; 4.47e-10 s                  ; Yes                        ; Yes                        ; 2.32 V                      ; 6.92e-07 V                  ; 2.35 V             ; -0.00996 V         ; 0.121 V                             ; 0.03 V                              ; 4.64e-10 s                 ; 4.47e-10 s                 ; Yes                       ; Yes                       ;
; LEDG[5]       ; 2.5 V        ; 0 s                 ; 0 s                 ; 2.32 V                       ; 6.92e-07 V                   ; 2.35 V              ; -0.00996 V          ; 0.121 V                              ; 0.03 V                               ; 4.64e-10 s                  ; 4.47e-10 s                  ; Yes                        ; Yes                        ; 2.32 V                      ; 6.92e-07 V                  ; 2.35 V             ; -0.00996 V         ; 0.121 V                             ; 0.03 V                              ; 4.64e-10 s                 ; 4.47e-10 s                 ; Yes                       ; Yes                       ;
; LEDG[6]       ; 2.5 V        ; 0 s                 ; 0 s                 ; 2.32 V                       ; 6.92e-07 V                   ; 2.35 V              ; -0.00996 V          ; 0.121 V                              ; 0.03 V                               ; 4.64e-10 s                  ; 4.47e-10 s                  ; Yes                        ; Yes                        ; 2.32 V                      ; 6.92e-07 V                  ; 2.35 V             ; -0.00996 V         ; 0.121 V                             ; 0.03 V                              ; 4.64e-10 s                 ; 4.47e-10 s                 ; Yes                       ; Yes                       ;
; LEDG[7]       ; 2.5 V        ; 0 s                 ; 0 s                 ; 2.32 V                       ; 6.92e-07 V                   ; 2.35 V              ; -0.00996 V          ; 0.121 V                              ; 0.03 V                               ; 4.64e-10 s                  ; 4.47e-10 s                  ; Yes                        ; Yes                        ; 2.32 V                      ; 6.92e-07 V                  ; 2.35 V             ; -0.00996 V         ; 0.121 V                             ; 0.03 V                              ; 4.64e-10 s                 ; 4.47e-10 s                 ; Yes                       ; Yes                       ;
; LEDG[8]       ; 2.5 V        ; 0 s                 ; 0 s                 ; 2.32 V                       ; 6.92e-07 V                   ; 2.35 V              ; -0.00996 V          ; 0.121 V                              ; 0.03 V                               ; 4.64e-10 s                  ; 4.47e-10 s                  ; Yes                        ; Yes                        ; 2.32 V                      ; 6.92e-07 V                  ; 2.35 V             ; -0.00996 V         ; 0.121 V                             ; 0.03 V                              ; 4.64e-10 s                 ; 4.47e-10 s                 ; Yes                       ; Yes                       ;
; UART_TXD      ; 2.5 V        ; 0 s                 ; 0 s                 ; 2.32 V                       ; 6.92e-07 V                   ; 2.33 V              ; -0.00265 V          ; 0.133 V                              ; 0.056 V                              ; 3.55e-09 s                  ; 3.31e-09 s                  ; Yes                        ; Yes                        ; 2.32 V                      ; 6.92e-07 V                  ; 2.33 V             ; -0.00265 V         ; 0.133 V                             ; 0.056 V                             ; 3.55e-09 s                 ; 3.31e-09 s                 ; Yes                       ; Yes                       ;
; ~ALTERA_DCLK~ ; 2.5 V        ; 0 s                 ; 0 s                 ; 2.32 V                       ; 3.75e-07 V                   ; 2.35 V              ; -0.0109 V           ; 0.084 V                              ; 0.027 V                              ; 4.31e-10 s                  ; 3.61e-10 s                  ; Yes                        ; Yes                        ; 2.32 V                      ; 3.75e-07 V                  ; 2.35 V             ; -0.0109 V          ; 0.084 V                             ; 0.027 V                             ; 4.31e-10 s                 ; 3.61e-10 s                 ; Yes                       ; Yes                       ;
; ~ALTERA_nCEO~ ; 2.5 V        ; 0 s                 ; 0 s                 ; 2.32 V                       ; 6.15e-07 V                   ; 2.35 V              ; -0.00712 V          ; 0.093 V                              ; 0.02 V                               ; 6.21e-10 s                  ; 7.9e-10 s                   ; Yes                        ; Yes                        ; 2.32 V                      ; 6.15e-07 V                  ; 2.35 V             ; -0.00712 V         ; 0.093 V                             ; 0.02 V                              ; 6.21e-10 s                 ; 7.9e-10 s                  ; Yes                       ; Yes                       ;
+---------------+--------------+---------------------+---------------------+------------------------------+------------------------------+---------------------+---------------------+--------------------------------------+--------------------------------------+-----------------------------+-----------------------------+----------------------------+----------------------------+-----------------------------+-----------------------------+--------------------+--------------------+-------------------------------------+-------------------------------------+----------------------------+----------------------------+---------------------------+---------------------------+


+--------------------------------------------------------------------------------------------------------------------------------------------------------------------------------------------------------------------------------------------------------------------------------------------------------------------------------------------------------------------------------------------------------------------------------------------------------------------------------------------------------------------------------------------------------------------------------------------------------------------------------------------------------------------------------------------+
; Signal Integrity Metrics (Fast 1200mv 0c Model)                                                                                                                                                                                                                                                                                                                                                                                                                                                                                                                                                                                                                                            ;
+---------------+--------------+---------------------+---------------------+------------------------------+------------------------------+---------------------+---------------------+--------------------------------------+--------------------------------------+-----------------------------+-----------------------------+----------------------------+----------------------------+-----------------------------+-----------------------------+--------------------+--------------------+-------------------------------------+-------------------------------------+----------------------------+----------------------------+---------------------------+---------------------------+
; Pin           ; I/O Standard ; Board Delay on Rise ; Board Delay on Fall ; Steady State Voh at FPGA Pin ; Steady State Vol at FPGA Pin ; Voh Max at FPGA Pin ; Vol Min at FPGA Pin ; Ringback Voltage on Rise at FPGA Pin ; Ringback Voltage on Fall at FPGA Pin ; 10-90 Rise Time at FPGA Pin ; 90-10 Fall Time at FPGA Pin ; Monotonic Rise at FPGA Pin ; Monotonic Fall at FPGA Pin ; Steady State Voh at Far-end ; Steady State Vol at Far-end ; Voh Max at Far-end ; Vol Min at Far-end ; Ringback Voltage on Rise at Far-end ; Ringback Voltage on Fall at Far-end ; 10-90 Rise Time at Far-end ; 90-10 Fall Time at Far-end ; Monotonic Rise at Far-end ; Monotonic Fall at Far-end ;
+---------------+--------------+---------------------+---------------------+------------------------------+------------------------------+---------------------+---------------------+--------------------------------------+--------------------------------------+-----------------------------+-----------------------------+----------------------------+----------------------------+-----------------------------+-----------------------------+--------------------+--------------------+-------------------------------------+-------------------------------------+----------------------------+----------------------------+---------------------------+---------------------------+
; PC[0]         ; 2.5 V        ; 0 s                 ; 0 s                 ; 2.62 V                       ; 4.05e-08 V                   ; 2.72 V              ; -0.0349 V           ; 0.173 V                              ; 0.1 V                                ; 2.72e-10 s                  ; 2.69e-10 s                  ; Yes                        ; Yes                        ; 2.62 V                      ; 4.05e-08 V                  ; 2.72 V             ; -0.0349 V          ; 0.173 V                             ; 0.1 V                               ; 2.72e-10 s                 ; 2.69e-10 s                 ; Yes                       ; Yes                       ;
; PC[1]         ; 2.5 V        ; 0 s                 ; 0 s                 ; 2.62 V                       ; 4.05e-08 V                   ; 2.72 V              ; -0.0349 V           ; 0.173 V                              ; 0.1 V                                ; 2.72e-10 s                  ; 2.69e-10 s                  ; Yes                        ; Yes                        ; 2.62 V                      ; 4.05e-08 V                  ; 2.72 V             ; -0.0349 V          ; 0.173 V                             ; 0.1 V                               ; 2.72e-10 s                 ; 2.69e-10 s                 ; Yes                       ; Yes                       ;
; PC[2]         ; 2.5 V        ; 0 s                 ; 0 s                 ; 2.62 V                       ; 4.05e-08 V                   ; 2.72 V              ; -0.0349 V           ; 0.173 V                              ; 0.1 V                                ; 2.72e-10 s                  ; 2.69e-10 s                  ; Yes                        ; Yes                        ; 2.62 V                      ; 4.05e-08 V                  ; 2.72 V             ; -0.0349 V          ; 0.173 V                             ; 0.1 V                               ; 2.72e-10 s                 ; 2.69e-10 s                 ; Yes                       ; Yes                       ;
; PC[3]         ; 2.5 V        ; 0 s                 ; 0 s                 ; 2.62 V                       ; 4.05e-08 V                   ; 2.72 V              ; -0.0349 V           ; 0.173 V                              ; 0.1 V                                ; 2.72e-10 s                  ; 2.69e-10 s                  ; Yes                        ; Yes                        ; 2.62 V                      ; 4.05e-08 V                  ; 2.72 V             ; -0.0349 V          ; 0.173 V                             ; 0.1 V                               ; 2.72e-10 s                 ; 2.69e-10 s                 ; Yes                       ; Yes                       ;
; PC[4]         ; 2.5 V        ; 0 s                 ; 0 s                 ; 2.62 V                       ; 4.05e-08 V                   ; 2.72 V              ; -0.0349 V           ; 0.173 V                              ; 0.1 V                                ; 2.72e-10 s                  ; 2.69e-10 s                  ; Yes                        ; Yes                        ; 2.62 V                      ; 4.05e-08 V                  ; 2.72 V             ; -0.0349 V          ; 0.173 V                             ; 0.1 V                               ; 2.72e-10 s                 ; 2.69e-10 s                 ; Yes                       ; Yes                       ;
; PC[5]         ; 2.5 V        ; 0 s                 ; 0 s                 ; 2.62 V                       ; 4.05e-08 V                   ; 2.64 V              ; -0.0113 V           ; 0.208 V                              ; 0.179 V                              ; 2.38e-09 s                  ; 2.23e-09 s                  ; No                         ; Yes                        ; 2.62 V                      ; 4.05e-08 V                  ; 2.64 V             ; -0.0113 V          ; 0.208 V                             ; 0.179 V                             ; 2.38e-09 s                 ; 2.23e-09 s                 ; No                        ; Yes                       ;
; PC[6]         ; 2.5 V        ; 0 s                 ; 0 s                 ; 2.62 V                       ; 4.05e-08 V                   ; 2.72 V              ; -0.0349 V           ; 0.173 V                              ; 0.1 V                                ; 2.72e-10 s                  ; 2.69e-10 s                  ; Yes                        ; Yes                        ; 2.62 V                      ; 4.05e-08 V                  ; 2.72 V             ; -0.0349 V          ; 0.173 V                             ; 0.1 V                               ; 2.72e-10 s                 ; 2.69e-10 s                 ; Yes                       ; Yes                       ;
; PC[7]         ; 2.5 V        ; 0 s                 ; 0 s                 ; 2.62 V                       ; 4.05e-08 V                   ; 2.72 V              ; -0.0349 V           ; 0.173 V                              ; 0.1 V                                ; 2.72e-10 s                  ; 2.69e-10 s                  ; Yes                        ; Yes                        ; 2.62 V                      ; 4.05e-08 V                  ; 2.72 V             ; -0.0349 V          ; 0.173 V                             ; 0.1 V                               ; 2.72e-10 s                 ; 2.69e-10 s                 ; Yes                       ; Yes                       ;
; PC[8]         ; 2.5 V        ; 0 s                 ; 0 s                 ; 2.62 V                       ; 4.05e-08 V                   ; 2.72 V              ; -0.0349 V           ; 0.173 V                              ; 0.1 V                                ; 2.72e-10 s                  ; 2.69e-10 s                  ; Yes                        ; Yes                        ; 2.62 V                      ; 4.05e-08 V                  ; 2.72 V             ; -0.0349 V          ; 0.173 V                             ; 0.1 V                               ; 2.72e-10 s                 ; 2.69e-10 s                 ; Yes                       ; Yes                       ;
; PC[9]         ; 2.5 V        ; 0 s                 ; 0 s                 ; 2.62 V                       ; 4.05e-08 V                   ; 2.72 V              ; -0.0349 V           ; 0.173 V                              ; 0.1 V                                ; 2.72e-10 s                  ; 2.69e-10 s                  ; Yes                        ; Yes                        ; 2.62 V                      ; 4.05e-08 V                  ; 2.72 V             ; -0.0349 V          ; 0.173 V                             ; 0.1 V                               ; 2.72e-10 s                 ; 2.69e-10 s                 ; Yes                       ; Yes                       ;
; PC[10]        ; 2.5 V        ; 0 s                 ; 0 s                 ; 2.62 V                       ; 4.05e-08 V                   ; 2.72 V              ; -0.0349 V           ; 0.173 V                              ; 0.1 V                                ; 2.72e-10 s                  ; 2.69e-10 s                  ; Yes                        ; Yes                        ; 2.62 V                      ; 4.05e-08 V                  ; 2.72 V             ; -0.0349 V          ; 0.173 V                             ; 0.1 V                               ; 2.72e-10 s                 ; 2.69e-10 s                 ; Yes                       ; Yes                       ;
; PC[11]        ; 2.5 V        ; 0 s                 ; 0 s                 ; 2.62 V                       ; 4.05e-08 V                   ; 2.72 V              ; -0.0349 V           ; 0.173 V                              ; 0.1 V                                ; 2.72e-10 s                  ; 2.69e-10 s                  ; Yes                        ; Yes                        ; 2.62 V                      ; 4.05e-08 V                  ; 2.72 V             ; -0.0349 V          ; 0.173 V                             ; 0.1 V                               ; 2.72e-10 s                 ; 2.69e-10 s                 ; Yes                       ; Yes                       ;
; PC[12]        ; 2.5 V        ; 0 s                 ; 0 s                 ; 2.62 V                       ; 4.05e-08 V                   ; 2.72 V              ; -0.0349 V           ; 0.173 V                              ; 0.1 V                                ; 2.72e-10 s                  ; 2.69e-10 s                  ; Yes                        ; Yes                        ; 2.62 V                      ; 4.05e-08 V                  ; 2.72 V             ; -0.0349 V          ; 0.173 V                             ; 0.1 V                               ; 2.72e-10 s                 ; 2.69e-10 s                 ; Yes                       ; Yes                       ;
; PC[13]        ; 2.5 V        ; 0 s                 ; 0 s                 ; 2.62 V                       ; 4.05e-08 V                   ; 2.72 V              ; -0.0349 V           ; 0.173 V                              ; 0.1 V                                ; 2.72e-10 s                  ; 2.69e-10 s                  ; Yes                        ; Yes                        ; 2.62 V                      ; 4.05e-08 V                  ; 2.72 V             ; -0.0349 V          ; 0.173 V                             ; 0.1 V                               ; 2.72e-10 s                 ; 2.69e-10 s                 ; Yes                       ; Yes                       ;
; PC[14]        ; 2.5 V        ; 0 s                 ; 0 s                 ; 2.62 V                       ; 4.05e-08 V                   ; 2.72 V              ; -0.0349 V           ; 0.173 V                              ; 0.1 V                                ; 2.72e-10 s                  ; 2.69e-10 s                  ; Yes                        ; Yes                        ; 2.62 V                      ; 4.05e-08 V                  ; 2.72 V             ; -0.0349 V          ; 0.173 V                             ; 0.1 V                               ; 2.72e-10 s                 ; 2.69e-10 s                 ; Yes                       ; Yes                       ;
; PC[15]        ; 2.5 V        ; 0 s                 ; 0 s                 ; 2.62 V                       ; 4.05e-08 V                   ; 2.72 V              ; -0.0349 V           ; 0.173 V                              ; 0.1 V                                ; 2.72e-10 s                  ; 2.69e-10 s                  ; Yes                        ; Yes                        ; 2.62 V                      ; 4.05e-08 V                  ; 2.72 V             ; -0.0349 V          ; 0.173 V                             ; 0.1 V                               ; 2.72e-10 s                 ; 2.69e-10 s                 ; Yes                       ; Yes                       ;
; PC[16]        ; 2.5 V        ; 0 s                 ; 0 s                 ; 2.62 V                       ; 4.05e-08 V                   ; 2.72 V              ; -0.0349 V           ; 0.173 V                              ; 0.1 V                                ; 2.72e-10 s                  ; 2.69e-10 s                  ; Yes                        ; Yes                        ; 2.62 V                      ; 4.05e-08 V                  ; 2.72 V             ; -0.0349 V          ; 0.173 V                             ; 0.1 V                               ; 2.72e-10 s                 ; 2.69e-10 s                 ; Yes                       ; Yes                       ;
; PC[17]        ; 2.5 V        ; 0 s                 ; 0 s                 ; 2.62 V                       ; 4.05e-08 V                   ; 2.72 V              ; -0.0349 V           ; 0.173 V                              ; 0.1 V                                ; 2.72e-10 s                  ; 2.69e-10 s                  ; Yes                        ; Yes                        ; 2.62 V                      ; 4.05e-08 V                  ; 2.72 V             ; -0.0349 V          ; 0.173 V                             ; 0.1 V                               ; 2.72e-10 s                 ; 2.69e-10 s                 ; Yes                       ; Yes                       ;
; PC[18]        ; 2.5 V        ; 0 s                 ; 0 s                 ; 2.62 V                       ; 4.05e-08 V                   ; 2.72 V              ; -0.0349 V           ; 0.173 V                              ; 0.1 V                                ; 2.72e-10 s                  ; 2.69e-10 s                  ; Yes                        ; Yes                        ; 2.62 V                      ; 4.05e-08 V                  ; 2.72 V             ; -0.0349 V          ; 0.173 V                             ; 0.1 V                               ; 2.72e-10 s                 ; 2.69e-10 s                 ; Yes                       ; Yes                       ;
; PC[19]        ; 2.5 V        ; 0 s                 ; 0 s                 ; 2.62 V                       ; 4.05e-08 V                   ; 2.72 V              ; -0.0349 V           ; 0.173 V                              ; 0.1 V                                ; 2.72e-10 s                  ; 2.69e-10 s                  ; Yes                        ; Yes                        ; 2.62 V                      ; 4.05e-08 V                  ; 2.72 V             ; -0.0349 V          ; 0.173 V                             ; 0.1 V                               ; 2.72e-10 s                 ; 2.69e-10 s                 ; Yes                       ; Yes                       ;
; PC[20]        ; 2.5 V        ; 0 s                 ; 0 s                 ; 2.62 V                       ; 4.05e-08 V                   ; 2.72 V              ; -0.0349 V           ; 0.173 V                              ; 0.1 V                                ; 2.72e-10 s                  ; 2.69e-10 s                  ; Yes                        ; Yes                        ; 2.62 V                      ; 4.05e-08 V                  ; 2.72 V             ; -0.0349 V          ; 0.173 V                             ; 0.1 V                               ; 2.72e-10 s                 ; 2.69e-10 s                 ; Yes                       ; Yes                       ;
; PC[21]        ; 2.5 V        ; 0 s                 ; 0 s                 ; 2.62 V                       ; 4.05e-08 V                   ; 2.72 V              ; -0.0349 V           ; 0.173 V                              ; 0.1 V                                ; 2.72e-10 s                  ; 2.69e-10 s                  ; Yes                        ; Yes                        ; 2.62 V                      ; 4.05e-08 V                  ; 2.72 V             ; -0.0349 V          ; 0.173 V                             ; 0.1 V                               ; 2.72e-10 s                 ; 2.69e-10 s                 ; Yes                       ; Yes                       ;
; PC[22]        ; 2.5 V        ; 0 s                 ; 0 s                 ; 2.62 V                       ; 4.05e-08 V                   ; 2.72 V              ; -0.0349 V           ; 0.173 V                              ; 0.1 V                                ; 2.72e-10 s                  ; 2.69e-10 s                  ; Yes                        ; Yes                        ; 2.62 V                      ; 4.05e-08 V                  ; 2.72 V             ; -0.0349 V          ; 0.173 V                             ; 0.1 V                               ; 2.72e-10 s                 ; 2.69e-10 s                 ; Yes                       ; Yes                       ;
; PC[23]        ; 2.5 V        ; 0 s                 ; 0 s                 ; 2.62 V                       ; 4.05e-08 V                   ; 2.72 V              ; -0.0349 V           ; 0.173 V                              ; 0.1 V                                ; 2.72e-10 s                  ; 2.69e-10 s                  ; Yes                        ; Yes                        ; 2.62 V                      ; 4.05e-08 V                  ; 2.72 V             ; -0.0349 V          ; 0.173 V                             ; 0.1 V                               ; 2.72e-10 s                 ; 2.69e-10 s                 ; Yes                       ; Yes                       ;
; PC[24]        ; 2.5 V        ; 0 s                 ; 0 s                 ; 2.62 V                       ; 4.05e-08 V                   ; 2.72 V              ; -0.0349 V           ; 0.173 V                              ; 0.1 V                                ; 2.72e-10 s                  ; 2.69e-10 s                  ; Yes                        ; Yes                        ; 2.62 V                      ; 4.05e-08 V                  ; 2.72 V             ; -0.0349 V          ; 0.173 V                             ; 0.1 V                               ; 2.72e-10 s                 ; 2.69e-10 s                 ; Yes                       ; Yes                       ;
; PC[25]        ; 2.5 V        ; 0 s                 ; 0 s                 ; 2.62 V                       ; 4.05e-08 V                   ; 2.72 V              ; -0.0349 V           ; 0.173 V                              ; 0.1 V                                ; 2.72e-10 s                  ; 2.69e-10 s                  ; Yes                        ; Yes                        ; 2.62 V                      ; 4.05e-08 V                  ; 2.72 V             ; -0.0349 V          ; 0.173 V                             ; 0.1 V                               ; 2.72e-10 s                 ; 2.69e-10 s                 ; Yes                       ; Yes                       ;
; PC[26]        ; 2.5 V        ; 0 s                 ; 0 s                 ; 2.62 V                       ; 4.05e-08 V                   ; 2.72 V              ; -0.0349 V           ; 0.173 V                              ; 0.1 V                                ; 2.72e-10 s                  ; 2.69e-10 s                  ; Yes                        ; Yes                        ; 2.62 V                      ; 4.05e-08 V                  ; 2.72 V             ; -0.0349 V          ; 0.173 V                             ; 0.1 V                               ; 2.72e-10 s                 ; 2.69e-10 s                 ; Yes                       ; Yes                       ;
; PC[27]        ; 2.5 V        ; 0 s                 ; 0 s                 ; 2.62 V                       ; 4.05e-08 V                   ; 2.72 V              ; -0.0349 V           ; 0.173 V                              ; 0.1 V                                ; 2.72e-10 s                  ; 2.69e-10 s                  ; Yes                        ; Yes                        ; 2.62 V                      ; 4.05e-08 V                  ; 2.72 V             ; -0.0349 V          ; 0.173 V                             ; 0.1 V                               ; 2.72e-10 s                 ; 2.69e-10 s                 ; Yes                       ; Yes                       ;
; PC[28]        ; 2.5 V        ; 0 s                 ; 0 s                 ; 2.62 V                       ; 4.05e-08 V                   ; 2.72 V              ; -0.0349 V           ; 0.173 V                              ; 0.1 V                                ; 2.72e-10 s                  ; 2.69e-10 s                  ; Yes                        ; Yes                        ; 2.62 V                      ; 4.05e-08 V                  ; 2.72 V             ; -0.0349 V          ; 0.173 V                             ; 0.1 V                               ; 2.72e-10 s                 ; 2.69e-10 s                 ; Yes                       ; Yes                       ;
; PC[29]        ; 2.5 V        ; 0 s                 ; 0 s                 ; 2.62 V                       ; 4.05e-08 V                   ; 2.72 V              ; -0.0349 V           ; 0.173 V                              ; 0.1 V                                ; 2.72e-10 s                  ; 2.69e-10 s                  ; Yes                        ; Yes                        ; 2.62 V                      ; 4.05e-08 V                  ; 2.72 V             ; -0.0349 V          ; 0.173 V                             ; 0.1 V                               ; 2.72e-10 s                 ; 2.69e-10 s                 ; Yes                       ; Yes                       ;
; PC[30]        ; 2.5 V        ; 0 s                 ; 0 s                 ; 2.62 V                       ; 4.05e-08 V                   ; 2.72 V              ; -0.0349 V           ; 0.173 V                              ; 0.1 V                                ; 2.72e-10 s                  ; 2.69e-10 s                  ; Yes                        ; Yes                        ; 2.62 V                      ; 4.05e-08 V                  ; 2.72 V             ; -0.0349 V          ; 0.173 V                             ; 0.1 V                               ; 2.72e-10 s                 ; 2.69e-10 s                 ; Yes                       ; Yes                       ;
; PC[31]        ; 2.5 V        ; 0 s                 ; 0 s                 ; 2.62 V                       ; 4.05e-08 V                   ; 2.72 V              ; -0.0349 V           ; 0.173 V                              ; 0.1 V                                ; 2.72e-10 s                  ; 2.69e-10 s                  ; Yes                        ; Yes                        ; 2.62 V                      ; 4.05e-08 V                  ; 2.72 V             ; -0.0349 V          ; 0.173 V                             ; 0.1 V                               ; 2.72e-10 s                 ; 2.69e-10 s                 ; Yes                       ; Yes                       ;
; LEDR[0]       ; 2.5 V        ; 0 s                 ; 0 s                 ; 2.62 V                       ; 4.05e-08 V                   ; 2.72 V              ; -0.0349 V           ; 0.173 V                              ; 0.1 V                                ; 2.72e-10 s                  ; 2.69e-10 s                  ; Yes                        ; Yes                        ; 2.62 V                      ; 4.05e-08 V                  ; 2.72 V             ; -0.0349 V          ; 0.173 V                             ; 0.1 V                               ; 2.72e-10 s                 ; 2.69e-10 s                 ; Yes                       ; Yes                       ;
; LEDR[1]       ; 2.5 V        ; 0 s                 ; 0 s                 ; 2.62 V                       ; 4.05e-08 V                   ; 2.72 V              ; -0.0349 V           ; 0.173 V                              ; 0.1 V                                ; 2.72e-10 s                  ; 2.69e-10 s                  ; Yes                        ; Yes                        ; 2.62 V                      ; 4.05e-08 V                  ; 2.72 V             ; -0.0349 V          ; 0.173 V                             ; 0.1 V                               ; 2.72e-10 s                 ; 2.69e-10 s                 ; Yes                       ; Yes                       ;
; LEDR[2]       ; 2.5 V        ; 0 s                 ; 0 s                 ; 2.62 V                       ; 4.05e-08 V                   ; 2.72 V              ; -0.0349 V           ; 0.173 V                              ; 0.1 V                                ; 2.72e-10 s                  ; 2.69e-10 s                  ; Yes                        ; Yes                        ; 2.62 V                      ; 4.05e-08 V                  ; 2.72 V             ; -0.0349 V          ; 0.173 V                             ; 0.1 V                               ; 2.72e-10 s                 ; 2.69e-10 s                 ; Yes                       ; Yes                       ;
; LEDR[3]       ; 2.5 V        ; 0 s                 ; 0 s                 ; 2.62 V                       ; 4.05e-08 V                   ; 2.72 V              ; -0.0349 V           ; 0.173 V                              ; 0.1 V                                ; 2.72e-10 s                  ; 2.69e-10 s                  ; Yes                        ; Yes                        ; 2.62 V                      ; 4.05e-08 V                  ; 2.72 V             ; -0.0349 V          ; 0.173 V                             ; 0.1 V                               ; 2.72e-10 s                 ; 2.69e-10 s                 ; Yes                       ; Yes                       ;
; LEDR[4]       ; 2.5 V        ; 0 s                 ; 0 s                 ; 2.62 V                       ; 4.05e-08 V                   ; 2.72 V              ; -0.0349 V           ; 0.173 V                              ; 0.1 V                                ; 2.72e-10 s                  ; 2.69e-10 s                  ; Yes                        ; Yes                        ; 2.62 V                      ; 4.05e-08 V                  ; 2.72 V             ; -0.0349 V          ; 0.173 V                             ; 0.1 V                               ; 2.72e-10 s                 ; 2.69e-10 s                 ; Yes                       ; Yes                       ;
; LEDR[5]       ; 2.5 V        ; 0 s                 ; 0 s                 ; 2.62 V                       ; 4.05e-08 V                   ; 2.72 V              ; -0.0349 V           ; 0.173 V                              ; 0.1 V                                ; 2.72e-10 s                  ; 2.69e-10 s                  ; Yes                        ; Yes                        ; 2.62 V                      ; 4.05e-08 V                  ; 2.72 V             ; -0.0349 V          ; 0.173 V                             ; 0.1 V                               ; 2.72e-10 s                 ; 2.69e-10 s                 ; Yes                       ; Yes                       ;
; LEDR[6]       ; 2.5 V        ; 0 s                 ; 0 s                 ; 2.62 V                       ; 4.05e-08 V                   ; 2.72 V              ; -0.0349 V           ; 0.173 V                              ; 0.1 V                                ; 2.72e-10 s                  ; 2.69e-10 s                  ; Yes                        ; Yes                        ; 2.62 V                      ; 4.05e-08 V                  ; 2.72 V             ; -0.0349 V          ; 0.173 V                             ; 0.1 V                               ; 2.72e-10 s                 ; 2.69e-10 s                 ; Yes                       ; Yes                       ;
; LEDR[7]       ; 2.5 V        ; 0 s                 ; 0 s                 ; 2.62 V                       ; 4.05e-08 V                   ; 2.72 V              ; -0.0349 V           ; 0.173 V                              ; 0.1 V                                ; 2.72e-10 s                  ; 2.69e-10 s                  ; Yes                        ; Yes                        ; 2.62 V                      ; 4.05e-08 V                  ; 2.72 V             ; -0.0349 V          ; 0.173 V                             ; 0.1 V                               ; 2.72e-10 s                 ; 2.69e-10 s                 ; Yes                       ; Yes                       ;
; LEDR[8]       ; 2.5 V        ; 0 s                 ; 0 s                 ; 2.62 V                       ; 4.05e-08 V                   ; 2.72 V              ; -0.0349 V           ; 0.173 V                              ; 0.1 V                                ; 2.72e-10 s                  ; 2.69e-10 s                  ; Yes                        ; Yes                        ; 2.62 V                      ; 4.05e-08 V                  ; 2.72 V             ; -0.0349 V          ; 0.173 V                             ; 0.1 V                               ; 2.72e-10 s                 ; 2.69e-10 s                 ; Yes                       ; Yes                       ;
; LEDR[9]       ; 2.5 V        ; 0 s                 ; 0 s                 ; 2.62 V                       ; 4.05e-08 V                   ; 2.64 V              ; -0.0113 V           ; 0.208 V                              ; 0.179 V                              ; 2.38e-09 s                  ; 2.23e-09 s                  ; No                         ; Yes                        ; 2.62 V                      ; 4.05e-08 V                  ; 2.64 V             ; -0.0113 V          ; 0.208 V                             ; 0.179 V                             ; 2.38e-09 s                 ; 2.23e-09 s                 ; No                        ; Yes                       ;
; LEDR[10]      ; 2.5 V        ; 0 s                 ; 0 s                 ; 2.62 V                       ; 4.05e-08 V                   ; 2.72 V              ; -0.0349 V           ; 0.173 V                              ; 0.1 V                                ; 2.72e-10 s                  ; 2.69e-10 s                  ; Yes                        ; Yes                        ; 2.62 V                      ; 4.05e-08 V                  ; 2.72 V             ; -0.0349 V          ; 0.173 V                             ; 0.1 V                               ; 2.72e-10 s                 ; 2.69e-10 s                 ; Yes                       ; Yes                       ;
; LEDR[11]      ; 2.5 V        ; 0 s                 ; 0 s                 ; 2.62 V                       ; 4.05e-08 V                   ; 2.72 V              ; -0.0349 V           ; 0.173 V                              ; 0.1 V                                ; 2.72e-10 s                  ; 2.69e-10 s                  ; Yes                        ; Yes                        ; 2.62 V                      ; 4.05e-08 V                  ; 2.72 V             ; -0.0349 V          ; 0.173 V                             ; 0.1 V                               ; 2.72e-10 s                 ; 2.69e-10 s                 ; Yes                       ; Yes                       ;
; LEDR[12]      ; 2.5 V        ; 0 s                 ; 0 s                 ; 2.62 V                       ; 4.05e-08 V                   ; 2.72 V              ; -0.0349 V           ; 0.173 V                              ; 0.1 V                                ; 2.72e-10 s                  ; 2.69e-10 s                  ; Yes                        ; Yes                        ; 2.62 V                      ; 4.05e-08 V                  ; 2.72 V             ; -0.0349 V          ; 0.173 V                             ; 0.1 V                               ; 2.72e-10 s                 ; 2.69e-10 s                 ; Yes                       ; Yes                       ;
; LEDR[13]      ; 2.5 V        ; 0 s                 ; 0 s                 ; 2.62 V                       ; 4.05e-08 V                   ; 2.72 V              ; -0.0349 V           ; 0.173 V                              ; 0.1 V                                ; 2.72e-10 s                  ; 2.69e-10 s                  ; Yes                        ; Yes                        ; 2.62 V                      ; 4.05e-08 V                  ; 2.72 V             ; -0.0349 V          ; 0.173 V                             ; 0.1 V                               ; 2.72e-10 s                 ; 2.69e-10 s                 ; Yes                       ; Yes                       ;
; LEDR[14]      ; 2.5 V        ; 0 s                 ; 0 s                 ; 2.62 V                       ; 4.05e-08 V                   ; 2.72 V              ; -0.0349 V           ; 0.173 V                              ; 0.1 V                                ; 2.72e-10 s                  ; 2.69e-10 s                  ; Yes                        ; Yes                        ; 2.62 V                      ; 4.05e-08 V                  ; 2.72 V             ; -0.0349 V          ; 0.173 V                             ; 0.1 V                               ; 2.72e-10 s                 ; 2.69e-10 s                 ; Yes                       ; Yes                       ;
; LEDR[15]      ; 2.5 V        ; 0 s                 ; 0 s                 ; 2.62 V                       ; 4.05e-08 V                   ; 2.64 V              ; -0.0113 V           ; 0.208 V                              ; 0.179 V                              ; 2.38e-09 s                  ; 2.23e-09 s                  ; No                         ; Yes                        ; 2.62 V                      ; 4.05e-08 V                  ; 2.64 V             ; -0.0113 V          ; 0.208 V                             ; 0.179 V                             ; 2.38e-09 s                 ; 2.23e-09 s                 ; No                        ; Yes                       ;
; LEDR[16]      ; 2.5 V        ; 0 s                 ; 0 s                 ; 2.62 V                       ; 4.05e-08 V                   ; 2.72 V              ; -0.0349 V           ; 0.173 V                              ; 0.1 V                                ; 2.72e-10 s                  ; 2.69e-10 s                  ; Yes                        ; Yes                        ; 2.62 V                      ; 4.05e-08 V                  ; 2.72 V             ; -0.0349 V          ; 0.173 V                             ; 0.1 V                               ; 2.72e-10 s                 ; 2.69e-10 s                 ; Yes                       ; Yes                       ;
; LEDR[17]      ; 2.5 V        ; 0 s                 ; 0 s                 ; 2.62 V                       ; 4.05e-08 V                   ; 2.72 V              ; -0.0349 V           ; 0.173 V                              ; 0.1 V                                ; 2.72e-10 s                  ; 2.69e-10 s                  ; Yes                        ; Yes                        ; 2.62 V                      ; 4.05e-08 V                  ; 2.72 V             ; -0.0349 V          ; 0.173 V                             ; 0.1 V                               ; 2.72e-10 s                 ; 2.69e-10 s                 ; Yes                       ; Yes                       ;
; LEDG[0]       ; 2.5 V        ; 0 s                 ; 0 s                 ; 2.62 V                       ; 4.05e-08 V                   ; 2.72 V              ; -0.0349 V           ; 0.173 V                              ; 0.1 V                                ; 2.72e-10 s                  ; 2.69e-10 s                  ; Yes                        ; Yes                        ; 2.62 V                      ; 4.05e-08 V                  ; 2.72 V             ; -0.0349 V          ; 0.173 V                             ; 0.1 V                               ; 2.72e-10 s                 ; 2.69e-10 s                 ; Yes                       ; Yes                       ;
; LEDG[1]       ; 2.5 V        ; 0 s                 ; 0 s                 ; 2.62 V                       ; 4.05e-08 V                   ; 2.72 V              ; -0.0349 V           ; 0.173 V                              ; 0.1 V                                ; 2.72e-10 s                  ; 2.69e-10 s                  ; Yes                        ; Yes                        ; 2.62 V                      ; 4.05e-08 V                  ; 2.72 V             ; -0.0349 V          ; 0.173 V                             ; 0.1 V                               ; 2.72e-10 s                 ; 2.69e-10 s                 ; Yes                       ; Yes                       ;
; LEDG[2]       ; 2.5 V        ; 0 s                 ; 0 s                 ; 2.62 V                       ; 4.05e-08 V                   ; 2.72 V              ; -0.0349 V           ; 0.173 V                              ; 0.1 V                                ; 2.72e-10 s                  ; 2.69e-10 s                  ; Yes                        ; Yes                        ; 2.62 V                      ; 4.05e-08 V                  ; 2.72 V             ; -0.0349 V          ; 0.173 V                             ; 0.1 V                               ; 2.72e-10 s                 ; 2.69e-10 s                 ; Yes                       ; Yes                       ;
; LEDG[3]       ; 2.5 V        ; 0 s                 ; 0 s                 ; 2.62 V                       ; 4.05e-08 V                   ; 2.72 V              ; -0.0349 V           ; 0.173 V                              ; 0.1 V                                ; 2.72e-10 s                  ; 2.69e-10 s                  ; Yes                        ; Yes                        ; 2.62 V                      ; 4.05e-08 V                  ; 2.72 V             ; -0.0349 V          ; 0.173 V                             ; 0.1 V                               ; 2.72e-10 s                 ; 2.69e-10 s                 ; Yes                       ; Yes                       ;
; LEDG[4]       ; 2.5 V        ; 0 s                 ; 0 s                 ; 2.62 V                       ; 4.05e-08 V                   ; 2.72 V              ; -0.0349 V           ; 0.173 V                              ; 0.1 V                                ; 2.72e-10 s                  ; 2.69e-10 s                  ; Yes                        ; Yes                        ; 2.62 V                      ; 4.05e-08 V                  ; 2.72 V             ; -0.0349 V          ; 0.173 V                             ; 0.1 V                               ; 2.72e-10 s                 ; 2.69e-10 s                 ; Yes                       ; Yes                       ;
; LEDG[5]       ; 2.5 V        ; 0 s                 ; 0 s                 ; 2.62 V                       ; 4.05e-08 V                   ; 2.72 V              ; -0.0349 V           ; 0.173 V                              ; 0.1 V                                ; 2.72e-10 s                  ; 2.69e-10 s                  ; Yes                        ; Yes                        ; 2.62 V                      ; 4.05e-08 V                  ; 2.72 V             ; -0.0349 V          ; 0.173 V                             ; 0.1 V                               ; 2.72e-10 s                 ; 2.69e-10 s                 ; Yes                       ; Yes                       ;
; LEDG[6]       ; 2.5 V        ; 0 s                 ; 0 s                 ; 2.62 V                       ; 4.05e-08 V                   ; 2.72 V              ; -0.0349 V           ; 0.173 V                              ; 0.1 V                                ; 2.72e-10 s                  ; 2.69e-10 s                  ; Yes                        ; Yes                        ; 2.62 V                      ; 4.05e-08 V                  ; 2.72 V             ; -0.0349 V          ; 0.173 V                             ; 0.1 V                               ; 2.72e-10 s                 ; 2.69e-10 s                 ; Yes                       ; Yes                       ;
; LEDG[7]       ; 2.5 V        ; 0 s                 ; 0 s                 ; 2.62 V                       ; 4.05e-08 V                   ; 2.72 V              ; -0.0349 V           ; 0.173 V                              ; 0.1 V                                ; 2.72e-10 s                  ; 2.69e-10 s                  ; Yes                        ; Yes                        ; 2.62 V                      ; 4.05e-08 V                  ; 2.72 V             ; -0.0349 V          ; 0.173 V                             ; 0.1 V                               ; 2.72e-10 s                 ; 2.69e-10 s                 ; Yes                       ; Yes                       ;
; LEDG[8]       ; 2.5 V        ; 0 s                 ; 0 s                 ; 2.62 V                       ; 4.05e-08 V                   ; 2.72 V              ; -0.0349 V           ; 0.173 V                              ; 0.1 V                                ; 2.72e-10 s                  ; 2.69e-10 s                  ; Yes                        ; Yes                        ; 2.62 V                      ; 4.05e-08 V                  ; 2.72 V             ; -0.0349 V          ; 0.173 V                             ; 0.1 V                               ; 2.72e-10 s                 ; 2.69e-10 s                 ; Yes                       ; Yes                       ;
; UART_TXD      ; 2.5 V        ; 0 s                 ; 0 s                 ; 2.62 V                       ; 4.05e-08 V                   ; 2.64 V              ; -0.0113 V           ; 0.208 V                              ; 0.179 V                              ; 2.38e-09 s                  ; 2.23e-09 s                  ; No                         ; Yes                        ; 2.62 V                      ; 4.05e-08 V                  ; 2.64 V             ; -0.0113 V          ; 0.208 V                             ; 0.179 V                             ; 2.38e-09 s                 ; 2.23e-09 s                 ; No                        ; Yes                       ;
; ~ALTERA_DCLK~ ; 2.5 V        ; 0 s                 ; 0 s                 ; 2.62 V                       ; 2.22e-08 V                   ; 2.74 V              ; -0.06 V             ; 0.158 V                              ; 0.08 V                               ; 2.68e-10 s                  ; 2.19e-10 s                  ; Yes                        ; Yes                        ; 2.62 V                      ; 2.22e-08 V                  ; 2.74 V             ; -0.06 V            ; 0.158 V                             ; 0.08 V                              ; 2.68e-10 s                 ; 2.19e-10 s                 ; Yes                       ; Yes                       ;
; ~ALTERA_nCEO~ ; 2.5 V        ; 0 s                 ; 0 s                 ; 2.62 V                       ; 3.54e-08 V                   ; 2.7 V               ; -0.00943 V          ; 0.276 V                              ; 0.035 V                              ; 3.19e-10 s                  ; 4.99e-10 s                  ; No                         ; Yes                        ; 2.62 V                      ; 3.54e-08 V                  ; 2.7 V              ; -0.00943 V         ; 0.276 V                             ; 0.035 V                             ; 3.19e-10 s                 ; 4.99e-10 s                 ; No                        ; Yes                       ;
+---------------+--------------+---------------------+---------------------+------------------------------+------------------------------+---------------------+---------------------+--------------------------------------+--------------------------------------+-----------------------------+-----------------------------+----------------------------+----------------------------+-----------------------------+-----------------------------+--------------------+--------------------+-------------------------------------+-------------------------------------+----------------------------+----------------------------+---------------------------+---------------------------+


+-----------------------------------------------------------------------+
; Setup Transfers                                                       ;
+------------+----------+--------------+----------+----------+----------+
; From Clock ; To Clock ; RR Paths     ; FR Paths ; RF Paths ; FF Paths ;
+------------+----------+--------------+----------+----------+----------+
; clk_cpu    ; clk_cpu  ; > 2147483647 ; 0        ; 0        ; 0        ;
+------------+----------+--------------+----------+----------+----------+
Entries labeled "false path" only account for clock-to-clock false paths and not path-based false paths. As a result, actual path counts may be lower than reported.


+-----------------------------------------------------------------------+
; Hold Transfers                                                        ;
+------------+----------+--------------+----------+----------+----------+
; From Clock ; To Clock ; RR Paths     ; FR Paths ; RF Paths ; FF Paths ;
+------------+----------+--------------+----------+----------+----------+
; clk_cpu    ; clk_cpu  ; > 2147483647 ; 0        ; 0        ; 0        ;
+------------+----------+--------------+----------+----------+----------+
Entries labeled "false path" only account for clock-to-clock false paths and not path-based false paths. As a result, actual path counts may be lower than reported.


---------------
; Report TCCS ;
---------------
No dedicated SERDES Transmitter circuitry present in device or used in design


---------------
; Report RSKM ;
---------------
No non-DPA dedicated SERDES Receiver circuitry present in device or used in design


+------------------------------------------------+
; Unconstrained Paths Summary                    ;
+---------------------------------+-------+------+
; Property                        ; Setup ; Hold ;
+---------------------------------+-------+------+
; Illegal Clocks                  ; 0     ; 0    ;
; Unconstrained Clocks            ; 0     ; 0    ;
; Unconstrained Input Ports       ; 0     ; 0    ;
; Unconstrained Input Port Paths  ; 0     ; 0    ;
; Unconstrained Output Ports      ; 0     ; 0    ;
; Unconstrained Output Port Paths ; 0     ; 0    ;
+---------------------------------+-------+------+


+------------------------------------------------------------------------------------------+
; Clock Status Summary                                                                     ;
+------------------------------------------------------+---------+-----------+-------------+
; Target                                               ; Clock   ; Type      ; Status      ;
+------------------------------------------------------+---------+-----------+-------------+
; clk                                                  ; clk     ; Base      ; Constrained ;
; pll_inst|altpll_component|auto_generated|pll1|clk[0] ; clk_cpu ; Generated ; Constrained ;
+------------------------------------------------------+---------+-----------+-------------+


+--------------------------+
; Timing Analyzer Messages ;
+--------------------------+
Info: *******************************************************************
Info: Running Quartus Prime Timing Analyzer
    Info: Version 21.1.1 Build 850 06/23/2022 SJ Lite Edition
    Info: Processing started: Tue Sep 29 14:36:36 2026
Info: Command: quartus_sta rv_sc_cpu_mmio -c rv_sc_cpu_mmio
Info: qsta_default_script.tcl version: #1
Warning (18236): Number of processors has not been specified which may cause overloading on shared machines.  Set the global assignment NUM_PARALLEL_PROCESSORS in your QSF to an appropriate value for best performance.
Info (20030): Parallel compilation is enabled and will use 16 of the 16 processors detected
Info (21077): Low junction temperature is 0 degrees C
Info (21077): High junction temperature is 85 degrees C
Info (332104): Reading SDC File: 'sc_top_no_pll.sdc'
Warning (332174): Ignored filter at sc_top_no_pll.sdc(39): CLOCK_50 could not be matched with a port File: D:/Users/rsm7/Documents/rv_sc_cpu_mmio/quartus/sc_top_no_pll.sdc Line: 39
Warning (332049): Ignored create_clock at sc_top_no_pll.sdc(35): Argument <targets> is an empty collection File: D:/Users/rsm7/Documents/rv_sc_cpu_mmio/quartus/sc_top_no_pll.sdc Line: 35
    Info (332050): create_clock \
    -name     {CLOCK_50} \
    -period   20.000 \
    -waveform {0.000 10.000} \
    [get_ports {CLOCK_50}] File: D:/Users/rsm7/Documents/rv_sc_cpu_mmio/quartus/sc_top_no_pll.sdc Line: 35
Info (332151): Clock uncertainty is not calculated until you update the timing netlist.
Info (332104): Reading SDC File: 'sc_top.sdc'
Info (332151): Clock uncertainty is not calculated until you update the timing netlist.
Warning (332174): Ignored filter at sc_top.sdc(52): rst_n could not be matched with a port File: D:/Users/rsm7/Documents/rv_sc_cpu_mmio/quartus/sc_top.sdc Line: 52
Warning (332049): Ignored set_false_path at sc_top.sdc(52): Argument <from> is an empty collection File: D:/Users/rsm7/Documents/rv_sc_cpu_mmio/quartus/sc_top.sdc Line: 52
    Info (332050): set_false_path -from [get_ports {rst_n}] File: D:/Users/rsm7/Documents/rv_sc_cpu_mmio/quartus/sc_top.sdc Line: 52
Info (332123): Deriving Clock Uncertainty. Please refer to report_sdc in the Timing Analyzer to see clock uncertainties.
Info: Found TIMING_ANALYZER_REPORT_SCRIPT_INCLUDE_DEFAULT_ANALYSIS = ON
Info: Analyzing Slow 1200mV 85C Model
Info (332146): Worst-case setup slack is 60.290
    Info (332119):     Slack       End Point TNS Clock 
    Info (332119): ========= =================== =====================
    Info (332119):    60.290               0.000 clk_cpu 
Info (332146): Worst-case hold slack is 0.403
    Info (332119):     Slack       End Point TNS Clock 
    Info (332119): ========= =================== =====================
    Info (332119):     0.403               0.000 clk_cpu 
Info (332140): No Recovery paths to report
Info (332140): No Removal paths to report
Info (332146): Worst-case minimum pulse width slack is 9.891
    Info (332119):     Slack       End Point TNS Clock 
    Info (332119): ========= =================== =====================
    Info (332119):     9.891               0.000 clk 
    Info (332119):    49.705               0.000 clk_cpu 
Info (332114): Report Metastability: Found 1 synchronizer chains.
    Info (332114): The design MTBF is not calculated because there are no specified synchronizers in the design.
    Info (332114): Number of Synchronizer Chains Found: 1
    Info (332114): Shortest Synchronizer Chain: 2 Registers
    Info (332114): Fraction of Chains for which MTBFs Could Not be Calculated: 1.000
    Info (332114): Worst Case Available Settling Time: 195.203 ns
    Info (332114): 
Info: Analyzing Slow 1200mV 0C Model
Info (334003): Started post-fitting delay annotation
Info (334004): Delay annotation completed successfully
Info (332123): Deriving Clock Uncertainty. Please refer to report_sdc in the Timing Analyzer to see clock uncertainties.
Info (332146): Worst-case setup slack is 63.220
    Info (332119):     Slack       End Point TNS Clock 
    Info (332119): ========= =================== =====================
    Info (332119):    63.220               0.000 clk_cpu 
Info (332146): Worst-case hold slack is 0.355
    Info (332119):     Slack       End Point TNS Clock 
    Info (332119): ========= =================== =====================
    Info (332119):     0.355               0.000 clk_cpu 
Info (332140): No Recovery paths to report
Info (332140): No Removal paths to report
Info (332146): Worst-case minimum pulse width slack is 9.887
    Info (332119):     Slack       End Point TNS Clock 
    Info (332119): ========= =================== =====================
    Info (332119):     9.887               0.000 clk 
    Info (332119):    49.708               0.000 clk_cpu 
Info (332114): Report Metastability: Found 1 synchronizer chains.
    Info (332114): The design MTBF is not calculated because there are no specified synchronizers in the design.
    Info (332114): Number of Synchronizer Chains Found: 1
    Info (332114): Shortest Synchronizer Chain: 2 Registers
    Info (332114): Fraction of Chains for which MTBFs Could Not be Calculated: 1.000
    Info (332114): Worst Case Available Settling Time: 195.589 ns
    Info (332114): 
Info: Analyzing Fast 1200mV 0C Model
Info (332123): Deriving Clock Uncertainty. Please refer to report_sdc in the Timing Analyzer to see clock uncertainties.
Info (332146): Worst-case setup slack is 78.983
    Info (332119):     Slack       End Point TNS Clock 
    Info (332119): ========= =================== =====================
    Info (332119):    78.983               0.000 clk_cpu 
Info (332146): Worst-case hold slack is 0.183
    Info (332119):     Slack       End Point TNS Clock 
    Info (332119): ========= =================== =====================
    Info (332119):     0.183               0.000 clk_cpu 
Info (332140): No Recovery paths to report
Info (332140): No Removal paths to report
Info (332146): Worst-case minimum pulse width slack is 9.574
    Info (332119):     Slack       End Point TNS Clock 
    Info (332119): ========= =================== =====================
    Info (332119):     9.574               0.000 clk 
    Info (332119):    49.779               0.000 clk_cpu 
Info (332114): Report Metastability: Found 1 synchronizer chains.
    Info (332114): The design MTBF is not calculated because there are no specified synchronizers in the design.
    Info (332114): Number of Synchronizer Chains Found: 1
    Info (332114): Shortest Synchronizer Chain: 2 Registers
    Info (332114): Fraction of Chains for which MTBFs Could Not be Calculated: 1.000
    Info (332114): Worst Case Available Settling Time: 197.600 ns
    Info (332114): 
Info (332101): Design is fully constrained for setup requirements
Info (332101): Design is fully constrained for hold requirements
Info: Quartus Prime Timing Analyzer was successful. 0 errors, 5 warnings
    Info: Peak virtual memory: 5160 megabytes
    Info: Processing ended: Tue Sep 29 14:36:41 2026
    Info: Elapsed time: 00:00:05
    Info: Total CPU time (on all processors): 00:00:08


